Time,Open,High,Low,Close,Volume,Trades
2021-02-28 13:07:00,1379.26,1379.26,1379.26,1379.26,0.1804,1.0
2021-02-28 13:09:00,1378.94,1378.94,1378.94,1378.94,0.1815,1.0
2021-02-28 13:15:00,1369.36,1369.36,1369.34,1369.34,7.04393,5.0
2021-02-28 13:17:00,1365.54,1365.54,1363.11,1363.11,0.81855676,3.0
2021-02-28 13:21:00,1359.82,1359.82,1359.82,1359.82,0.005,1.0
2021-02-28 13:23:00,1357.0,1357.0,1357.0,1357.0,1.47383935,1.0
2021-02-28 13:26:00,1360.03,1360.03,1360.03,1360.03,0.05,2.0
2021-02-28 13:27:00,1360.0,1360.0,1360.0,1360.0,0.03814493,1.0
2021-02-28 13:29:00,1363.41,1363.41,1363.41,1363.41,0.0282,1.0
2021-02-28 13:31:00,1358.39,1361.08,1357.0,1357.0,3.39960909,6.0
2021-02-28 13:33:00,1360.0,1360.0,1360.0,1360.0,5.0,2.0
2021-02-28 13:34:00,1358.84,1358.84,1358.84,1358.84,0.05,1.0
2021-02-28 13:35:00,1352.0,1352.0,1352.0,1352.0,1.06644907,3.0
2021-02-28 13:36:00,1352.01,1352.01,1352.0,1352.0,0.10738063,2.0
2021-02-28 13:38:00,1352.0,1352.0,1350.0,1350.0,4.60469083,3.0
2021-02-28 13:42:00,1354.8,1354.8,1354.8,1354.8,0.05,1.0
2021-02-28 13:46:00,1355.0,1355.0,1355.0,1355.0,2.99645,2.0
2021-02-28 13:47:00,1357.75,1357.75,1357.75,1357.75,0.0187011,1.0
2021-02-28 13:48:00,1358.53,1358.53,1358.53,1358.53,0.05,1.0
2021-02-28 13:55:00,1358.35,1358.35,1358.35,1358.35,0.05,1.0
2021-02-28 14:00:00,1360.0,1360.0,1360.0,1360.0,10.0,1.0
2021-02-28 14:02:00,1365.4,1365.4,1362.56,1362.56,0.1318617,2.0
2021-02-28 14:03:00,1360.15,1360.15,1360.15,1360.15,0.02031725,1.0
2021-02-28 14:04:00,1357.47,1357.47,1357.47,1357.47,0.03931981,1.0
2021-02-28 14:07:00,1353.56,1353.56,1353.56,1353.56,0.02271577,1.0
2021-02-28 14:09:00,1358.61,1359.02,1358.61,1359.02,0.74618,3.0
2021-02-28 14:16:00,1362.99,1362.99,1362.99,1362.99,0.05,1.0
2021-02-28 14:17:00,1364.01,1364.01,1364.01,1364.01,0.01859147,1.0
2021-02-28 14:23:00,1355.55,1355.55,1355.55,1355.55,0.05,1.0
2021-02-28 14:25:00,1353.67,1353.67,1353.67,1353.67,5.06839849,4.0
2021-02-28 14:30:00,1354.48,1354.48,1354.48,1354.48,0.05,1.0
2021-02-28 14:37:00,1358.11,1358.11,1358.11,1358.11,0.05,1.0
2021-02-28 14:44:00,1358.97,1358.97,1358.97,1358.97,0.05,1.0
2021-02-28 14:47:00,1358.41,1358.41,1358.41,1358.41,0.01864647,1.0
2021-02-28 14:49:00,1356.25,1356.25,1356.25,1356.25,1.5,1.0
2021-02-28 14:52:00,1359.09,1359.09,1359.09,1359.09,0.05,1.0
2021-02-28 14:55:00,1355.25,1355.25,1355.25,1355.25,0.11,1.0
2021-02-28 14:58:00,1352.88,1352.88,1352.38,1352.38,0.78649744,2.0
2021-02-28 14:59:00,1348.37,1348.37,1337.99,1337.99,28.83951318,11.0
2021-02-28 15:01:00,1336.64,1336.64,1336.64,1336.64,0.00845742,1.0
2021-02-28 15:02:00,1337.46,1337.46,1337.46,1337.46,0.25,2.0
2021-02-28 15:05:00,1337.78,1337.78,1336.94,1336.94,4.9974,4.0
2021-02-28 15:08:00,1330.83,1330.83,1330.83,1330.83,0.01208,1.0
2021-02-28 15:09:00,1326.01,1326.01,1322.03,1323.51,1.85107657,8.0
2021-02-28 15:10:00,1325.49,1325.49,1325.49,1325.49,0.02268028,1.0
2021-02-28 15:12:00,1330.92,1330.92,1330.92,1330.92,0.05,1.0
2021-02-28 15:15:00,1321.35,1322.95,1321.35,1322.95,1.89883096,2.0
2021-02-28 15:16:00,1330.34,1335.09,1330.34,1335.09,3.4027366,7.0
2021-02-28 15:17:00,1336.57,1336.57,1336.57,1336.57,0.01897999,1.0
2021-02-28 15:18:00,1334.78,1334.78,1334.78,1334.78,0.22,1.0
2021-02-28 15:19:00,1337.21,1337.21,1337.21,1337.21,0.05,1.0
2021-02-28 15:23:00,1329.68,1329.68,1329.68,1329.68,0.6574,1.0
2021-02-28 15:24:00,1326.13,1326.13,1326.13,1326.13,0.86880574,1.0
2021-02-28 15:25:00,1322.81,1322.81,1319.92,1319.92,15.0,9.0
2021-02-28 15:26:00,1325.04,1331.74,1325.04,1331.74,8.24253609,2.0
2021-02-28 15:27:00,1336.4,1336.4,1332.85,1332.96,1.40258066,3.0
2021-02-28 15:32:00,1341.46,1341.46,1341.46,1341.46,0.9061622,2.0
2021-02-28 15:33:00,1341.46,1344.91,1341.46,1344.91,3.63186055,4.0
2021-02-28 15:34:00,1344.91,1345.76,1344.91,1345.76,2.74134636,4.0
2021-02-28 15:35:00,1346.55,1349.34,1346.55,1348.08,2.65014487,4.0
2021-02-28 15:36:00,1346.86,1346.86,1346.86,1346.86,0.05,1.0
2021-02-28 15:39:00,1345.29,1345.29,1345.29,1345.29,1.62301271,4.0
2021-02-28 15:43:00,1347.82,1348.45,1347.82,1348.45,0.05365,2.0
2021-02-28 15:47:00,1350.79,1350.79,1350.79,1350.79,0.01879194,1.0
2021-02-28 15:48:00,1350.0,1350.0,1349.15,1349.15,2.08766,2.0
2021-02-28 15:50:00,1349.29,1349.29,1349.29,1349.29,0.28091105,2.0
2021-02-28 15:51:00,1348.54,1348.54,1348.2,1348.2,5.19117352,4.0
2021-02-28 15:53:00,1347.0,1347.0,1344.38,1344.38,4.0128427,5.0
2021-02-28 15:57:00,1352.89,1352.89,1352.89,1352.89,0.04999984,1.0
2021-02-28 16:03:00,1348.19,1348.2,1348.19,1348.2,5.07271735,2.0
2021-02-28 16:04:00,1347.17,1347.17,1347.17,1347.17,0.6532,1.0
2021-02-28 16:06:00,1351.73,1351.73,1351.73,1351.73,0.11637,1.0
2021-02-28 16:07:00,1349.4,1349.4,1349.4,1349.4,0.05,1.0
2021-02-28 16:14:00,1350.02,1350.02,1347.77,1347.77,0.22009,3.0
2021-02-28 16:17:00,1338.58,1338.58,1338.58,1338.58,0.01880142,1.0
2021-02-28 16:21:00,1333.23,1333.23,1330.0,1330.0,1.05,2.0
2021-02-28 16:22:00,1327.78,1327.78,1327.78,1327.78,0.6682,1.0
2021-02-28 16:23:00,1327.77,1327.77,1326.6,1326.6,0.45514,2.0
2021-02-28 16:28:00,1323.57,1325.67,1323.57,1325.67,1.58466147,2.0
2021-02-28 16:31:00,1320.0,1320.0,1318.38,1318.38,1.6717,3.0
2021-02-28 16:32:00,1317.6,1317.61,1306.47,1306.47,15.90257902,10.0
2021-02-28 16:33:00,1315.83,1317.23,1315.83,1317.23,0.48781657,3.0
2021-02-28 16:34:00,1315.55,1315.55,1303.01,1303.01,81.07979169,19.0
2021-02-28 16:35:00,1317.67,1317.67,1317.67,1317.67,0.05,1.0
2021-02-28 16:36:00,1317.88,1317.88,1316.73,1316.73,13.95646,5.0
2021-02-28 16:37:00,1317.47,1317.47,1316.44,1316.44,9.0952154,3.0
2021-02-28 16:39:00,1303.67,1303.67,1303.0,1303.0,8.86125955,7.0
2021-02-28 16:40:00,1307.13,1307.13,1306.18,1306.68,9.23409783,10.0
2021-02-28 16:42:00,1306.69,1306.69,1306.69,1306.69,0.05,1.0
2021-02-28 16:44:00,1302.44,1302.44,1300.0,1300.0,0.30383033,4.0
2021-02-28 16:47:00,1305.26,1305.26,1301.73,1301.73,0.75388636,3.0
2021-02-28 16:49:00,1304.08,1304.08,1300.0,1300.0,22.47859909,6.0
2021-02-28 16:50:00,1300.0,1300.0,1296.0,1296.0,78.41147761,16.0
2021-02-28 16:52:00,1300.0,1300.0,1300.0,1300.0,20.0,4.0
2021-02-28 16:53:00,1305.41,1309.4,1305.41,1306.14,40.86983,12.0
2021-02-28 16:56:00,1313.04,1313.04,1313.04,1313.04,0.05,2.0
2021-02-28 17:01:00,1315.0,1315.0,1312.88,1312.88,2.3532,3.0
2021-02-28 17:02:00,1307.58,1320.0,1307.58,1320.0,5.91988009,3.0
2021-02-28 17:03:00,1324.81,1328.45,1324.81,1326.86,23.025,6.0
2021-02-28 17:04:00,1330.61,1331.65,1328.71,1331.65,4.83311518,6.0
2021-02-28 17:05:00,1343.57,1344.4,1343.57,1344.4,5.20578458,3.0
2021-02-28 17:06:00,1334.45,1337.29,1334.45,1337.29,1.22116537,2.0
2021-02-28 17:07:00,1337.06,1337.06,1337.06,1337.06,0.0429995,1.0
2021-02-28 17:08:00,1345.09,1345.09,1345.09,1345.09,0.78988344,1.0
2021-02-28 17:10:00,1345.8,1347.2,1344.32,1344.32,0.96134192,3.0
2021-02-28 17:11:00,1340.95,1342.71,1339.47,1342.71,10.97975659,5.0
2021-02-28 17:12:00,1334.94,1334.94,1334.94,1334.94,1.65748307,4.0
2021-02-28 17:13:00,1332.16,1332.16,1332.16,1332.16,0.07402,1.0
2021-02-28 17:16:00,1344.34,1344.34,1344.34,1344.34,0.81742137,1.0
2021-02-28 17:17:00,1350.13,1350.13,1350.13,1350.13,0.06876856,4.0
2021-02-28 17:19:00,1353.56,1353.56,1353.56,1353.56,0.6276,1.0
2021-02-28 17:22:00,1351.82,1351.82,1347.15,1347.15,10.49509088,6.0
2021-02-28 17:24:00,1350.72,1350.72,1350.72,1350.72,0.05,1.0
2021-02-28 17:25:00,1346.53,1346.53,1346.53,1346.53,0.6525,1.0
2021-02-28 17:26:00,1344.56,1344.56,1344.56,1344.56,0.43196082,2.0
2021-02-28 17:28:00,1340.65,1340.65,1340.65,1340.65,0.18572861,1.0
2021-02-28 17:29:00,1337.07,1338.95,1337.07,1337.11,27.17925042,11.0
2021-02-28 17:31:00,1346.64,1348.58,1346.64,1348.58,0.7207,2.0
2021-02-28 17:33:00,1342.34,1345.2,1342.34,1345.2,0.88816336,2.0
2021-02-28 17:34:00,1352.15,1353.31,1352.15,1353.31,0.78232501,5.0
2021-02-28 17:35:00,1350.15,1350.15,1350.15,1350.15,2.20491006,1.0
2021-02-28 17:37:00,1358.4,1359.21,1358.4,1359.21,0.53224975,3.0
2021-02-28 17:38:00,1362.13,1364.63,1362.13,1362.89,1.4137267,5.0
2021-02-28 17:39:00,1361.98,1361.98,1361.98,1361.98,7.05746192,4.0
2021-02-28 17:40:00,1362.18,1362.18,1357.86,1357.86,6.90858581,4.0
2021-02-28 17:41:00,1361.61,1367.21,1361.61,1367.21,0.43304213,2.0
2021-02-28 17:42:00,1367.01,1367.01,1367.01,1367.01,0.832,3.0
2021-02-28 17:43:00,1367.22,1367.22,1365.53,1365.53,0.2805,2.0
2021-02-28 17:45:00,1362.01,1362.01,1362.01,1362.01,0.26215302,1.0
2021-02-28 17:47:00,1356.15,1357.03,1352.87,1357.03,1.17128534,6.0
2021-02-28 17:49:00,1355.13,1355.13,1355.13,1355.13,0.02524145,1.0
2021-02-28 17:51:00,1355.61,1355.61,1355.61,1355.61,0.75,1.0
2021-02-28 17:52:00,1352.42,1354.54,1352.42,1354.54,31.49529,9.0
2021-02-28 17:55:00,1354.43,1354.43,1354.43,1354.43,0.05,2.0
2021-02-28 17:56:00,1350.62,1350.62,1350.62,1350.62,0.6579,1.0
2021-02-28 17:57:00,1347.59,1347.59,1347.46,1347.59,6.03983751,9.0
2021-02-28 17:58:00,1347.59,1347.59,1347.59,1347.59,1.15099414,3.0
2021-02-28 18:02:00,1345.04,1345.04,1340.46,1340.46,0.10592463,4.0
2021-02-28 18:05:00,1336.35,1336.35,1336.35,1336.35,0.31658,1.0
2021-02-28 18:07:00,1338.56,1338.56,1338.56,1338.56,0.07003586,1.0
2021-02-28 18:08:00,1342.08,1342.09,1342.08,1342.09,3.30344,2.0
2021-02-28 18:09:00,1344.22,1344.22,1344.22,1344.22,0.05,1.0
2021-02-28 18:12:00,1349.64,1349.64,1349.64,1349.64,0.6619,1.0
2021-02-28 18:13:00,1349.96,1349.96,1349.96,1349.96,0.50772,2.0
2021-02-28 18:14:00,1349.7,1349.7,1346.32,1346.32,1.01671259,2.0
2021-02-28 18:16:00,1352.89,1352.89,1352.89,1352.89,0.05,1.0
2021-02-28 18:17:00,1357.36,1357.36,1357.36,1357.36,0.01873027,1.0
2021-02-28 18:21:00,1351.43,1351.43,1351.43,1351.43,0.1,1.0
2021-02-28 18:23:00,1354.61,1356.21,1354.61,1356.21,1.64336,2.0
2021-02-28 18:24:00,1356.21,1356.21,1356.21,1356.21,1.3,1.0
2021-02-28 18:29:00,1350.29,1350.29,1343.48,1343.48,41.18993,11.0
2021-02-28 18:30:00,1347.51,1347.51,1347.51,1347.51,0.05,1.0
2021-02-28 18:31:00,1343.32,1343.32,1342.07,1342.07,0.05973085,2.0
2021-02-28 18:36:00,1348.42,1348.42,1348.42,1348.42,0.1112413,1.0
2021-02-28 18:37:00,1347.1,1347.1,1347.1,1347.1,0.05,1.0
2021-02-28 18:41:00,1344.15,1344.15,1344.15,1344.15,0.31787054,2.0
2021-02-28 18:43:00,1343.93,1343.93,1343.93,1343.93,0.8356529,2.0
2021-02-28 18:44:00,1347.13,1347.13,1345.06,1345.06,13.79553981,8.0
2021-02-28 18:45:00,1351.47,1351.47,1351.47,1351.47,0.0623,1.0
2021-02-28 18:46:00,1353.64,1353.64,1353.64,1353.64,0.6097,1.0
2021-02-28 18:47:00,1353.51,1353.51,1353.51,1353.51,0.01871989,1.0
2021-02-28 18:48:00,1345.32,1345.32,1345.32,1345.32,0.6747,1.0
2021-02-28 18:51:00,1349.5,1349.5,1346.9,1346.9,0.54760622,3.0
2021-02-28 18:54:00,1341.0,1341.0,1341.0,1341.0,0.75,2.0
2021-02-28 18:55:00,1335.61,1335.61,1335.61,1335.61,0.19997664,1.0
2021-02-28 18:56:00,1335.03,1335.03,1335.03,1335.03,0.37403439,2.0
2021-02-28 18:58:00,1334.04,1334.04,1332.67,1332.67,4.68056537,3.0
2021-02-28 19:00:00,1330.99,1330.99,1330.99,1330.99,0.01,1.0
2021-02-28 19:01:00,1327.47,1327.47,1327.47,1327.47,0.75595034,1.0
2021-02-28 19:02:00,1335.64,1335.64,1335.64,1335.64,1.5,1.0
2021-02-28 19:05:00,1340.16,1340.16,1340.16,1340.16,0.05,1.0
2021-02-28 19:07:00,1337.13,1337.13,1337.13,1337.13,0.76943055,1.0
2021-02-28 19:08:00,1343.49,1343.49,1343.49,1343.49,0.679,1.0
2021-02-28 19:09:00,1340.37,1340.37,1340.37,1340.37,2.32615409,2.0
2021-02-28 19:12:00,1348.29,1348.29,1348.29,1348.29,0.05,2.0
2021-02-28 19:14:00,1346.31,1346.31,1346.31,1346.31,1.0,1.0
2021-02-28 19:15:00,1345.42,1345.42,1345.42,1345.42,8.65491704,1.0
2021-02-28 19:16:00,1341.6,1343.5,1341.6,1343.5,2.29974001,2.0
2021-02-28 19:17:00,1341.23,1342.65,1341.22,1342.65,6.09028002,3.0
2021-02-28 19:19:00,1342.82,1342.82,1342.82,1342.82,0.05,1.0
2021-02-28 19:21:00,1343.78,1348.57,1343.78,1348.57,0.02446533,2.0
2021-02-28 19:22:00,1346.05,1346.05,1344.36,1344.36,25.1621,6.0
2021-02-28 19:23:00,1346.46,1346.46,1346.46,1346.46,0.12354,1.0
2021-02-28 19:24:00,1342.36,1342.36,1342.36,1342.36,0.01069907,1.0
2021-02-28 19:26:00,1349.99,1349.99,1345.74,1347.0,13.35127112,9.0
2021-02-28 19:28:00,1347.82,1347.82,1347.82,1347.82,1.11244548,2.0
2021-02-28 19:33:00,1350.14,1350.14,1350.14,1350.14,0.05,1.0
2021-02-28 19:35:00,1348.18,1349.92,1348.18,1349.92,10.7,4.0
2021-02-28 19:39:00,1345.95,1345.95,1345.95,1345.95,2.0,2.0
2021-02-28 19:40:00,1344.68,1344.68,1344.68,1344.68,0.05,2.0
2021-02-28 19:44:00,1349.34,1349.34,1349.34,1349.34,0.15,1.0
2021-02-28 19:47:00,1351.11,1351.11,1351.11,1351.11,0.05,1.0
2021-02-28 19:48:00,1350.01,1350.01,1313.39,1333.95,100.01,19.0
2021-02-28 19:49:00,1350.28,1350.76,1347.29,1350.76,50.005,9.0
2021-02-28 19:50:00,1352.3,1353.64,1352.3,1353.64,1.73446384,4.0
2021-02-28 19:51:00,1350.93,1350.93,1350.93,1350.93,0.01871989,1.0
2021-02-28 19:52:00,1350.1,1350.1,1350.1,1350.1,3.84,2.0
2021-02-28 19:53:00,1354.71,1355.82,1354.71,1355.82,7.75753,3.0
2021-02-28 19:54:00,1355.91,1355.91,1355.91,1355.91,0.5724,1.0
2021-02-28 19:57:00,1355.12,1355.12,1355.12,1355.12,0.25,1.0
2021-02-28 19:58:00,1352.53,1352.53,1351.46,1351.46,0.7257,2.0
2021-02-28 19:59:00,1351.24,1351.24,1351.24,1351.24,0.25,1.0
2021-02-28 20:07:00,1359.13,1359.13,1359.13,1359.13,0.01,1.0
2021-02-28 20:10:00,1360.9,1360.9,1360.9,1360.9,1.09727579,1.0
2021-02-28 20:17:00,1354.55,1354.55,1354.55,1354.55,0.05,1.0
2021-02-28 20:21:00,1354.56,1354.56,1354.56,1354.56,0.01870731,1.0
2021-02-28 20:24:00,1351.78,1351.78,1351.78,1351.78,0.05,1.0
2021-02-28 20:25:00,1348.87,1348.87,1348.87,1348.87,0.01802819,1.0
2021-02-28 20:27:00,1350.11,1350.11,1348.47,1348.47,2.43889358,5.0
2021-02-28 20:31:00,1355.43,1356.86,1355.43,1356.86,1.6771,2.0
2021-02-28 20:38:00,1361.92,1361.92,1361.92,1361.92,0.01080419,1.0
2021-02-28 20:39:00,1361.44,1361.44,1361.44,1361.44,0.00932411,1.0
2021-02-28 20:41:00,1363.56,1363.56,1363.56,1363.56,0.005,1.0
2021-02-28 20:47:00,1373.11,1373.11,1373.11,1373.11,3.84,3.0
2021-02-28 20:48:00,1377.47,1377.47,1377.25,1377.25,0.39161668,2.0
2021-02-28 20:49:00,1380.5,1380.5,1380.5,1380.5,0.10471,1.0
2021-02-28 20:50:00,1380.01,1380.01,1380.01,1380.01,0.01813395,1.0
2021-02-28 20:51:00,1386.88,1386.88,1386.87,1386.88,0.91836218,3.0
2021-02-28 20:52:00,1387.46,1387.46,1387.46,1387.46,0.01403831,2.0
2021-02-28 20:53:00,1386.25,1386.25,1385.61,1385.61,12.63715,5.0
2021-02-28 20:55:00,1388.63,1388.63,1388.63,1388.63,0.01006282,1.0
2021-02-28 20:56:00,1390.25,1390.25,1390.25,1390.25,0.008574,1.0
2021-02-28 20:58:00,1388.84,1388.84,1388.84,1388.84,6.2,4.0
2021-02-28 21:01:00,1397.47,1397.47,1397.47,1397.47,0.01790738,1.0
2021-02-28 21:04:00,1391.66,1393.25,1391.66,1393.25,0.0840551,2.0
2021-02-28 21:05:00,1393.85,1393.85,1393.85,1393.85,0.01064807,1.0
2021-02-28 21:09:00,1400.0,1400.0,1400.0,1400.0,3.42952594,6.0
2021-02-28 21:10:00,1400.0,1400.0,1398.2,1398.2,1.21311343,4.0
2021-02-28 21:11:00,1400.0,1400.0,1400.0,1400.0,0.25006155,1.0
2021-02-28 21:12:00,1398.53,1398.53,1398.53,1398.53,0.39709997,1.0
2021-02-28 21:13:00,1398.54,1399.71,1397.99,1399.71,2.39763845,4.0
2021-02-28 21:14:00,1398.36,1399.0,1395.89,1395.89,19.57477263,6.0
2021-02-28 21:16:00,1398.07,1398.07,1398.07,1398.07,0.0317,1.0
2021-02-28 21:18:00,1395.0,1395.0,1395.0,1395.0,0.94320468,2.0
2021-02-28 21:19:00,1390.77,1390.77,1390.77,1390.77,0.6585,1.0
2021-02-28 21:20:00,1391.01,1391.02,1391.01,1391.02,1.06810557,2.0
2021-02-28 21:21:00,1398.06,1398.07,1398.06,1398.06,1.06676638,3.0
2021-02-28 21:22:00,1396.52,1396.84,1392.63,1392.63,0.16280368,3.0
2021-02-28 21:30:00,1392.46,1392.46,1392.46,1392.46,1.70249285,1.0
2021-02-28 21:31:00,1392.24,1392.24,1392.24,1392.24,0.35382,1.0
2021-02-28 21:33:00,1390.76,1390.76,1390.76,1390.76,0.65170004,6.0
2021-02-28 21:34:00,1391.43,1391.43,1391.43,1391.43,0.00474,1.0
2021-02-28 21:35:00,1392.61,1392.61,1392.43,1392.43,3.00028999,5.0
2021-02-28 21:37:00,1391.29,1392.0,1390.92,1392.0,4.3363878,4.0
2021-02-28 21:38:00,1392.0,1392.0,1392.0,1392.0,1.6692947,2.0
2021-02-28 21:40:00,1390.7,1390.7,1390.06,1390.06,1.00521829,2.0
2021-02-28 21:41:00,1390.52,1392.0,1390.52,1392.0,8.05,3.0
2021-02-28 21:42:00,1392.0,1392.0,1392.0,1392.0,1.55038779,2.0
2021-02-28 21:45:00,1392.0,1398.07,1392.0,1398.07,9.16542304,8.0
2021-02-28 21:46:00,1398.07,1398.07,1398.07,1398.07,0.46826143,3.0
2021-02-28 21:48:00,1397.67,1397.67,1396.82,1396.82,0.01146052,2.0
2021-02-28 21:51:00,1400.0,1400.0,1400.0,1400.0,0.0181412,1.0
2021-02-28 21:52:00,1400.0,1400.0,1399.4,1399.4,0.45819767,2.0
2021-02-28 21:53:00,1400.0,1401.23,1400.0,1401.23,37.34724504,10.0
2021-02-28 22:03:00,1417.94,1417.94,1417.49,1417.49,4.05352,2.0
2021-02-28 22:06:00,1420.0,1420.0,1420.0,1420.0,1.0,1.0
2021-02-28 22:10:00,1415.9,1415.9,1415.9,1415.9,0.00623532,1.0
2021-02-28 22:11:00,1415.0,1415.0,1412.72,1412.72,5.65,2.0
2021-02-28 22:12:00,1411.53,1411.53,1411.53,1411.53,0.2,1.0
2021-02-28 22:13:00,1414.55,1414.56,1413.78,1413.78,3.50995,3.0
2021-02-28 22:14:00,1413.15,1413.15,1413.15,1413.15,0.00608062,1.0
2021-02-28 22:16:00,1408.89,1408.89,1408.89,1408.89,0.05,1.0
2021-02-28 22:20:00,1408.3,1408.31,1405.24,1405.24,12.01395,7.0
2021-02-28 22:21:00,1408.53,1410.0,1408.53,1409.96,0.8607139,3.0
2021-02-28 22:23:00,1410.0,1410.0,1410.0,1410.0,7.30344225,13.0
2021-02-28 22:29:00,1410.0,1410.0,1410.0,1410.0,0.70922,2.0
2021-02-28 22:30:00,1411.17,1411.17,1411.17,1411.17,2.47917404,1.0
2021-02-28 22:33:00,1411.94,1411.94,1411.94,1411.94,0.22381,1.0
2021-02-28 22:34:00,1414.54,1414.54,1414.54,1414.54,0.6526,1.0
2021-02-28 22:36:00,1415.87,1415.87,1415.87,1415.87,0.1887,1.0
2021-02-28 22:42:00,1423.85,1423.85,1423.85,1423.85,1.5498218,1.0
2021-02-28 22:43:00,1424.2,1424.21,1424.2,1424.21,5.73827,3.0
2021-02-28 22:44:00,1424.07,1424.59,1424.07,1424.59,3.01843998,2.0
2021-02-28 22:45:00,1424.59,1424.59,1424.59,1424.59,1.9045998,1.0
2021-02-28 22:46:00,1418.21,1418.21,1418.21,1418.21,0.6496,1.0
2021-02-28 22:51:00,1419.73,1419.73,1419.73,1419.73,0.01786759,1.0
2021-02-28 22:53:00,1418.0,1418.0,1418.0,1418.0,0.74691819,1.0
2021-02-28 22:56:00,1418.69,1418.75,1415.79,1415.79,4.90634958,5.0
2021-02-28 22:57:00,1413.24,1413.24,1413.19,1413.19,2.94549674,3.0
2021-02-28 22:58:00,1416.51,1416.51,1416.51,1416.51,0.0317,1.0
2021-02-28 23:11:00,1417.01,1417.02,1417.01,1417.02,7.0,3.0
2021-02-28 23:12:00,1414.61,1416.2,1413.73,1413.73,56.9266853,10.0
2021-02-28 23:21:00,1417.89,1417.89,1417.89,1417.89,0.01792421,1.0
2021-02-28 23:27:00,1420.0,1420.0,1420.0,1420.0,1.96842366,5.0
2021-02-28 23:33:00,1404.55,1404.55,1404.55,1404.55,0.005,1.0
2021-02-28 23:34:00,1400.86,1400.86,1400.0,1400.0,0.76,3.0
2021-02-28 23:36:00,1403.04,1403.04,1403.04,1403.04,0.06558637,1.0
2021-02-28 23:39:00,1407.18,1407.18,1407.17,1407.17,6.0188934,5.0
2021-02-28 23:43:00,1415.82,1415.82,1414.65,1414.65,0.6866,2.0
2021-02-28 23:44:00,1414.12,1414.12,1414.12,1414.12,0.1,1.0
2021-02-28 23:48:00,1419.07,1419.07,1419.07,1419.07,0.01,1.0
2021-02-28 23:50:00,1422.24,1422.24,1422.24,1422.24,0.005,1.0
2021-02-28 23:51:00,1424.16,1424.16,1424.16,1424.16,0.01781696,1.0
2021-02-28 23:52:00,1421.91,1421.92,1421.91,1421.92,7.0585253,2.0
2021-02-28 23:56:00,1422.27,1422.27,1422.27,1422.27,0.1039,1.0
2021-03-01 00:01:00,1426.86,1429.46,1426.86,1429.46,2.52,2.0
2021-03-01 00:02:00,1434.28,1434.28,1434.28,1434.28,0.09036657,1.0
2021-03-01 00:04:00,1437.14,1438.74,1437.14,1437.54,42.05,9.0
2021-03-01 00:06:00,1440.2,1440.46,1439.54,1439.55,7.02408059,6.0
2021-03-01 00:09:00,1441.78,1441.78,1441.78,1441.78,0.3469716,1.0
2021-03-01 00:12:00,1437.53,1437.53,1435.75,1435.75,33.75844,7.0
2021-03-01 00:18:00,1439.76,1442.86,1439.68,1442.86,8.67381256,7.0
2021-03-01 00:21:00,1442.83,1442.83,1442.83,1442.83,0.01756234,1.0
2021-03-01 00:24:00,1441.0,1441.0,1441.0,1441.0,0.01121651,1.0
2021-03-01 00:30:00,1435.16,1435.96,1435.16,1435.96,0.0204517,2.0
2021-03-01 00:35:00,1431.68,1431.68,1429.74,1429.74,0.73572933,2.0
2021-03-01 00:36:00,1430.23,1430.23,1430.23,1430.23,0.05,1.0
2021-03-01 00:39:00,1427.27,1427.77,1426.54,1426.54,10.02253362,4.0
2021-03-01 00:40:00,1427.57,1429.7,1427.57,1429.7,15.71870228,7.0
2021-03-01 00:45:00,1421.24,1421.24,1417.56,1417.56,0.81243657,2.0
2021-03-01 00:48:00,1415.73,1415.73,1415.73,1415.73,0.05,1.0
2021-03-01 00:51:00,1415.46,1415.46,1415.46,1415.46,0.01789889,1.0
2021-03-01 00:55:00,1414.98,1414.99,1414.98,1414.99,2.0,2.0
2021-03-01 00:58:00,1417.2,1417.21,1417.2,1417.21,5.0,2.0
2021-03-01 01:00:00,1426.76,1426.76,1426.76,1426.76,0.0267,1.0
2021-03-01 01:05:00,1418.28,1418.28,1418.28,1418.28,0.6513,1.0
2021-03-01 01:06:00,1416.45,1416.45,1416.45,1416.45,1.29504353,1.0
2021-03-01 01:16:00,1433.33,1434.28,1433.33,1434.28,2.94036657,2.0
2021-03-01 01:17:00,1442.86,1442.86,1442.86,1442.86,0.08982933,1.0
2021-03-01 01:21:00,1445.39,1445.39,1445.39,1445.39,0.01756234,1.0
2021-03-01 01:22:00,1439.64,1439.64,1439.64,1439.64,0.1,1.0
2021-03-01 01:25:00,1442.73,1442.73,1442.72,1442.72,2.0,2.0
2021-03-01 01:31:00,1447.79,1450.0,1447.79,1450.0,20.425,4.0
2021-03-01 01:34:00,1451.49,1451.49,1451.49,1451.49,0.08929533,1.0
2021-03-01 01:35:00,1449.9,1449.9,1448.43,1448.43,0.04835127,2.0
2021-03-01 01:42:00,1447.1,1447.1,1447.1,1447.1,0.00711137,1.0
2021-03-01 01:45:00,1447.23,1447.23,1447.23,1447.23,0.69502238,1.0
2021-03-01 01:51:00,1445.8,1445.8,1445.8,1445.8,0.01750931,1.0
2021-03-01 01:59:00,1441.3,1441.3,1441.3,1441.3,0.01,1.0
2021-03-01 02:05:00,1438.29,1438.29,1438.29,1438.29,0.08929533,1.0
2021-03-01 02:08:00,1437.79,1437.79,1436.16,1436.16,0.07108889,2.0
2021-03-01 02:12:00,1434.86,1434.86,1434.86,1434.86,0.01001593,1.0
2021-03-01 02:18:00,1438.73,1438.73,1438.73,1438.73,0.13473,1.0
2021-03-01 02:21:00,1430.85,1432.56,1430.85,1431.51,20.46768861,7.0
2021-03-01 02:33:00,1445.0,1445.0,1445.0,1445.0,0.48435899,1.0
2021-03-01 02:34:00,1440.41,1440.41,1440.41,1440.41,0.46821516,1.0
2021-03-01 02:35:00,1438.3,1438.3,1438.3,1438.3,0.5266137,2.0
2021-03-01 02:36:00,1439.56,1439.56,1439.56,1439.56,0.07678509,1.0
2021-03-01 02:44:00,1438.6,1438.6,1438.6,1438.6,0.04187641,1.0
2021-03-01 02:46:00,1442.0,1442.0,1442.0,1442.0,1.89417,1.0
2021-03-01 02:47:00,1441.37,1441.38,1441.37,1441.38,2.36874,2.0
2021-03-01 02:51:00,1444.99,1444.99,1444.99,1444.99,0.01758037,1.0
2021-03-01 03:00:00,1445.0,1445.0,1445.0,1445.0,0.83564101,1.0
2021-03-01 03:10:00,1450.08,1450.08,1450.08,1450.08,0.1,1.0
2021-03-01 03:11:00,1450.08,1450.08,1448.2,1448.2,0.415,6.0
2021-03-01 03:21:00,1445.65,1445.65,1445.65,1445.65,0.01749758,1.0
2021-03-01 03:26:00,1451.49,1452.57,1451.49,1452.57,0.47015,2.0
2021-03-01 03:28:00,1458.08,1458.08,1458.08,1458.08,1.87327,1.0
2021-03-01 03:30:00,1458.75,1458.75,1458.75,1458.75,0.02032,1.0
2021-03-01 03:35:00,1451.52,1451.52,1451.52,1451.52,0.05,1.0
2021-03-01 03:37:00,1452.79,1452.79,1452.79,1452.79,0.00585923,1.0
2021-03-01 03:41:00,1450.41,1450.41,1450.41,1450.41,1.57606818,4.0
2021-03-01 03:47:00,1447.14,1447.14,1447.14,1447.14,0.00500865,1.0
2021-03-01 03:51:00,1445.84,1445.84,1445.84,1445.84,0.01751039,1.0
2021-03-01 03:52:00,1442.52,1442.52,1442.52,1442.52,0.00506015,1.0
2021-03-01 03:54:00,1440.98,1440.98,1440.98,1440.98,0.00565913,1.0
2021-03-01 04:05:00,1438.29,1438.29,1438.29,1438.29,0.08929533,1.0
2021-03-01 04:06:00,1439.0,1439.0,1439.0,1439.0,0.05,1.0
2021-03-01 04:07:00,1438.24,1438.24,1438.24,1438.24,0.235,1.0
2021-03-01 04:18:00,1443.22,1443.23,1443.22,1443.23,6.82944,3.0
2021-03-01 04:21:00,1444.25,1444.25,1443.67,1443.67,1.90876543,2.0
2021-03-01 04:23:00,1440.57,1440.57,1440.57,1440.57,0.52957,1.0
2021-03-01 04:31:00,1445.36,1445.36,1443.41,1443.41,34.44682652,8.0
2021-03-01 04:33:00,1446.53,1446.53,1446.53,1446.53,0.27,1.0
2021-03-01 04:36:00,1445.08,1445.08,1445.08,1445.08,0.00514773,1.0
2021-03-01 04:37:00,1444.83,1444.83,1444.83,1444.83,0.02286985,1.0
2021-03-01 04:38:00,1444.82,1444.82,1443.64,1443.64,1.19562499,2.0
2021-03-01 04:40:00,1439.31,1439.31,1439.31,1439.31,0.68672749,1.0
2021-03-01 04:42:00,1439.66,1439.66,1439.66,1439.66,0.015,1.0
2021-03-01 04:45:00,1440.0,1440.0,1440.0,1440.0,0.84163008,2.0
2021-03-01 04:47:00,1439.03,1439.03,1438.02,1438.02,0.26131809,3.0
2021-03-01 04:48:00,1436.81,1436.81,1436.81,1436.81,0.76594359,5.0
2021-03-01 04:49:00,1437.76,1437.76,1437.76,1437.76,0.0745789,1.0
2021-03-01 04:51:00,1438.89,1438.89,1437.42,1437.42,0.30802247,5.0
2021-03-01 04:52:00,1437.42,1437.43,1437.42,1437.43,2.8503,2.0
2021-03-01 04:54:00,1440.64,1440.66,1440.64,1440.66,2.84392,2.0
2021-03-01 04:56:00,1443.57,1443.57,1443.57,1443.57,0.94605,1.0
2021-03-01 04:57:00,1439.42,1439.42,1439.42,1439.42,0.5353661,14.0
2021-03-01 04:58:00,1437.0,1437.0,1437.0,1437.0,0.57723239,3.0
2021-03-01 05:14:00,1440.77,1440.77,1440.77,1440.77,0.13845,1.0
2021-03-01 05:21:00,1429.74,1429.74,1429.74,1429.74,0.08982933,1.0
2021-03-01 05:22:00,1429.09,1429.09,1428.2,1428.2,0.0277235,2.0
2021-03-01 05:34:00,1435.14,1435.14,1435.14,1435.14,0.01716,1.0
2021-03-01 05:36:00,1435.2,1435.2,1433.24,1433.24,4.3,3.0
2021-03-01 05:37:00,1432.0,1432.0,1432.0,1432.0,0.44973,1.0
2021-03-01 05:45:00,1438.94,1438.95,1438.94,1438.95,2.0,2.0
2021-03-01 05:50:00,1442.86,1446.77,1442.86,1446.77,0.09982933,2.0
2021-03-01 05:51:00,1448.51,1450.0,1448.51,1450.0,29.0397,6.0
2021-03-01 05:52:00,1446.9,1448.02,1446.9,1448.02,1.98747586,3.0
2021-03-01 05:54:00,1446.2,1446.2,1446.2,1446.2,0.06617,1.0
2021-03-01 06:07:00,1443.73,1443.73,1443.7,1443.7,4.0,2.0
2021-03-01 06:17:00,1440.46,1440.46,1440.46,1440.46,0.07313,1.0
2021-03-01 06:21:00,1444.35,1444.35,1444.35,1444.35,0.06892168,1.0
2021-03-01 06:22:00,1441.86,1441.86,1441.86,1441.86,0.01754422,1.0
2021-03-01 06:34:00,1443.05,1443.05,1443.05,1443.05,0.07085,1.0
2021-03-01 06:43:00,1438.0,1438.0,1435.12,1435.12,7.43972021,4.0
2021-03-01 06:48:00,1433.81,1433.81,1433.81,1433.81,1.0,2.0
2021-03-01 06:52:00,1433.11,1433.11,1433.11,1433.11,0.01767319,1.0
2021-03-01 06:55:00,1432.9,1432.9,1432.9,1432.9,0.05194,1.0
2021-03-01 07:03:00,1433.42,1433.42,1433.42,1433.42,0.037,1.0
2021-03-01 07:17:00,1435.44,1435.44,1435.44,1435.44,0.02175667,1.0
2021-03-01 07:22:00,1438.11,1438.11,1438.11,1438.11,0.01765312,1.0
2021-03-01 07:25:00,1439.61,1442.89,1439.61,1442.89,13.85588417,7.0
2021-03-01 07:28:00,1439.85,1439.85,1439.85,1439.85,0.12246879,1.0
2021-03-01 07:32:00,1437.73,1437.73,1437.0,1437.0,0.73334403,2.0
2021-03-01 07:37:00,1431.42,1431.42,1431.42,1431.42,0.61945,1.0
2021-03-01 07:39:00,1429.74,1429.74,1429.74,1429.74,0.08982933,2.0
2021-03-01 07:40:00,1428.82,1428.82,1428.82,1428.82,0.69,1.0
2021-03-01 07:43:00,1425.55,1425.55,1425.55,1425.55,0.36137466,1.0
2021-03-01 07:44:00,1425.54,1425.54,1425.54,1425.54,0.005,1.0
2021-03-01 07:47:00,1424.44,1424.44,1424.44,1424.44,0.05,1.0
2021-03-01 07:48:00,1423.6,1423.6,1423.6,1423.6,0.01,1.0
2021-03-01 07:52:00,1425.87,1425.87,1425.87,1425.87,0.01779994,1.0
2021-03-01 07:54:00,1424.43,1424.43,1422.53,1422.53,14.65,7.0
2021-03-01 07:59:00,1426.18,1426.18,1426.18,1426.18,1.96776846,1.0
2021-03-01 08:00:00,1426.09,1426.09,1426.08,1426.08,3.86,2.0
2021-03-01 08:09:00,1423.61,1423.61,1423.61,1423.61,0.03516001,1.0
2021-03-01 08:22:00,1429.59,1429.59,1429.59,1429.59,0.01779981,1.0
2021-03-01 08:24:00,1429.77,1429.78,1429.77,1429.78,3.01752,3.0
2021-03-01 08:31:00,1430.0,1430.0,1430.0,1430.0,5.11,1.0
2021-03-01 08:51:00,1428.0,1428.0,1428.0,1428.0,2.0,1.0
2021-03-01 08:52:00,1431.62,1431.62,1431.62,1431.62,0.01774509,1.0
2021-03-01 08:57:00,1440.55,1442.82,1440.55,1442.82,20.08476091,9.0
2021-03-01 09:01:00,1442.86,1443.51,1442.86,1443.51,0.09482933,2.0
2021-03-01 09:09:00,1443.42,1443.42,1443.42,1443.42,0.64520988,1.0
2021-03-01 09:12:00,1446.49,1446.5,1446.49,1446.5,5.0529407,2.0
2021-03-01 09:13:00,1446.71,1446.72,1446.71,1446.72,6.8880079,2.0
2021-03-01 09:16:00,1444.58,1444.58,1444.57,1444.57,4.37855715,2.0
2021-03-01 09:21:00,1447.72,1451.49,1447.72,1451.49,4.59010817,6.0
2021-03-01 09:22:00,1452.67,1452.67,1452.67,1452.67,0.01745792,1.0
2021-03-01 09:23:00,1451.06,1451.72,1451.06,1451.72,1.37936883,2.0
2021-03-01 09:24:00,1453.92,1457.2,1453.91,1457.2,13.09584413,9.0
2021-03-01 09:25:00,1459.88,1461.27,1459.88,1461.27,1.6098311,3.0
2021-03-01 09:26:00,1456.3,1456.3,1456.29,1456.29,5.69055907,3.0
2021-03-01 09:27:00,1463.61,1464.24,1463.59,1463.63,2.19570772,4.0
2021-03-01 09:28:00,1464.12,1464.12,1464.12,1464.12,0.68368782,1.0
2021-03-01 09:29:00,1466.97,1470.12,1465.54,1465.54,1.86538494,4.0
2021-03-01 09:31:00,1466.98,1466.98,1466.98,1466.98,0.01315959,1.0
2021-03-01 09:34:00,1470.18,1472.07,1468.31,1468.31,30.23490462,7.0
2021-03-01 09:36:00,1472.95,1472.95,1472.95,1472.95,0.01266593,2.0
2021-03-01 09:37:00,1472.97,1472.97,1472.97,1472.97,0.11746069,1.0
2021-03-01 09:43:00,1466.9,1466.9,1466.9,1466.9,0.015703,1.0
2021-03-01 09:44:00,1466.96,1467.64,1466.88,1466.88,2.14102594,3.0
2021-03-01 09:46:00,1463.49,1463.49,1463.49,1463.49,0.01131728,1.0
2021-03-01 09:50:00,1466.8,1466.8,1466.8,1466.8,0.15775341,1.0
2021-03-01 09:52:00,1467.7,1467.7,1465.04,1465.04,0.30489985,2.0
2021-03-01 09:55:00,1466.43,1466.43,1466.42,1466.42,2.96990833,2.0
2021-03-01 10:03:00,1470.17,1470.17,1470.17,1470.17,0.06433335,1.0
2021-03-01 10:06:00,1477.69,1477.69,1477.69,1477.69,0.0877122,2.0
2021-03-01 10:07:00,1481.0,1488.34,1481.0,1488.34,6.69400032,13.0
2021-03-01 10:08:00,1484.1,1488.39,1484.1,1487.56,7.99699353,5.0
2021-03-01 10:09:00,1489.28,1489.28,1486.82,1486.82,2.4333697,3.0
2021-03-01 10:10:00,1491.1,1495.42,1491.1,1495.42,0.49005815,2.0
2021-03-01 10:11:00,1494.45,1498.0,1494.45,1498.0,2.41632768,6.0
2021-03-01 10:13:00,1494.46,1495.2,1493.59,1495.2,2.45933089,4.0
2021-03-01 10:15:00,1496.08,1496.08,1496.08,1496.08,0.43432782,1.0
2021-03-01 10:17:00,1499.57,1499.57,1499.57,1499.57,0.01915373,1.0
2021-03-01 10:19:00,1500.0,1501.11,1500.0,1501.11,51.48610742,13.0
2021-03-01 10:21:00,1498.55,1498.56,1498.55,1498.56,5.0,2.0
2021-03-01 10:22:00,1497.29,1497.29,1497.29,1497.29,0.01690956,1.0
2021-03-01 10:23:00,1494.7,1494.7,1494.7,1494.7,0.00567236,1.0
2021-03-01 10:24:00,1494.07,1495.2,1494.07,1495.2,0.03528845,4.0
2021-03-01 10:26:00,1501.24,1501.24,1501.24,1501.24,0.005,1.0
2021-03-01 10:27:00,1503.74,1503.74,1503.74,1503.74,0.00747799,1.0
2021-03-01 10:28:00,1504.36,1504.36,1504.33,1504.33,1.08615704,2.0
2021-03-01 10:33:00,1499.42,1499.42,1499.42,1499.42,0.3379671,1.0
2021-03-01 10:40:00,1508.08,1509.36,1508.08,1509.36,0.64168,2.0
2021-03-01 10:44:00,1510.04,1510.04,1510.04,1510.04,0.16433,1.0
2021-03-01 10:49:00,1504.92,1504.92,1504.92,1504.92,1.61005,1.0
2021-03-01 10:52:00,1503.59,1503.59,1499.85,1499.85,0.02185887,2.0
2021-03-01 10:53:00,1502.44,1502.44,1502.44,1502.44,0.00643657,1.0
2021-03-01 10:55:00,1505.0,1505.0,1505.0,1505.0,11.14683106,2.0
2021-03-01 10:56:00,1505.0,1505.0,1505.0,1505.0,8.85316894,1.0
2021-03-01 11:00:00,1509.14,1509.14,1509.14,1509.14,0.22849,1.0
2021-03-01 11:06:00,1504.61,1504.61,1504.61,1504.61,0.47,1.0
2021-03-01 11:07:00,1504.4,1504.4,1500.0,1500.0,4.69957798,7.0
2021-03-01 11:08:00,1500.0,1500.0,1499.24,1500.0,19.41384773,5.0
2021-03-01 11:09:00,1501.8,1502.26,1501.8,1502.26,2.76,3.0
2021-03-01 11:10:00,1503.88,1510.54,1503.88,1510.54,3.39878335,5.0
2021-03-01 11:12:00,1508.44,1511.39,1508.44,1511.39,1.44192359,2.0
2021-03-01 11:13:00,1513.36,1513.36,1513.36,1513.36,0.08564456,1.0
2021-03-01 11:14:00,1521.06,1521.06,1521.06,1521.06,0.64797421,1.0
2021-03-01 11:16:00,1521.84,1521.84,1521.84,1521.84,0.23878272,1.0
2021-03-01 11:17:00,1517.62,1519.39,1517.62,1519.39,9.63071538,5.0
2021-03-01 11:18:00,1512.36,1512.36,1512.36,1512.36,0.78291242,1.0
2021-03-01 11:22:00,1517.38,1517.39,1517.36,1517.39,0.03958609,4.0
2021-03-01 11:23:00,1520.62,1520.62,1516.22,1516.22,0.10204493,2.0
2021-03-01 11:24:00,1515.01,1515.01,1515.01,1515.01,0.30000001,4.0
2021-03-01 11:25:00,1515.0,1515.0,1515.0,1515.0,0.10346572,2.0
2021-03-01 11:26:00,1515.0,1515.0,1515.0,1515.0,1.36810786,2.0
2021-03-01 11:29:00,1510.18,1510.18,1510.18,1510.18,0.270087,3.0
2021-03-01 11:30:00,1511.19,1514.48,1511.19,1514.48,20.0,6.0
2021-03-01 11:32:00,1514.41,1514.41,1512.16,1512.16,0.18200531,2.0
2021-03-01 11:33:00,1511.64,1526.55,1511.64,1526.55,131.536,19.0
2021-03-01 11:34:00,1511.62,1511.62,1510.15,1510.15,7.00521825,4.0
2021-03-01 11:36:00,1514.07,1514.07,1514.07,1514.07,3.79637132,1.0
2021-03-01 11:37:00,1511.4,1511.4,1511.4,1511.4,2.81,3.0
2021-03-01 11:40:00,1515.21,1520.89,1515.21,1520.89,5.005,3.0
2021-03-01 11:41:00,1520.75,1523.3,1519.14,1519.14,46.01257652,27.0
2021-03-01 11:42:00,1521.14,1524.39,1520.24,1523.68,49.00595988,27.0
2021-03-01 11:43:00,1523.67,1528.29,1523.67,1528.29,30.1317789,22.0
2021-03-01 11:46:00,1528.19,1531.58,1528.19,1531.58,3.71684366,4.0
2021-03-01 11:48:00,1523.53,1523.53,1523.53,1523.53,0.01655695,1.0
2021-03-01 11:49:00,1526.36,1526.36,1526.36,1526.36,1.41318135,1.0
2021-03-01 11:51:00,1525.33,1525.33,1525.33,1525.33,1.49147977,1.0
2021-03-01 11:52:00,1528.41,1528.41,1528.41,1528.41,0.01661279,1.0
2021-03-01 11:53:00,1530.37,1530.37,1530.37,1530.37,1.27695816,1.0
2021-03-01 11:54:00,1526.61,1526.61,1526.61,1526.61,0.78856929,1.0
2021-03-01 11:56:00,1525.0,1525.0,1525.0,1525.0,2.81158168,2.0
2021-03-01 11:57:00,1525.0,1525.0,1525.0,1525.0,21.28512607,4.0
2021-03-01 11:59:00,1524.93,1524.93,1524.82,1524.82,0.20155185,2.0
2021-03-01 12:00:00,1526.01,1526.01,1526.01,1526.01,0.26484385,3.0
2021-03-01 12:07:00,1523.09,1523.45,1523.09,1523.42,5.60018067,3.0
2021-03-01 12:08:00,1524.52,1527.07,1524.51,1526.81,25.184514,10.0
2021-03-01 12:10:00,1526.81,1526.81,1526.81,1526.81,0.01180731,1.0
2021-03-01 12:11:00,1526.81,1526.81,1524.87,1524.87,8.2591,6.0
2021-03-01 12:14:00,1530.83,1530.83,1530.05,1530.05,0.16523566,2.0
2021-03-01 12:16:00,1524.52,1524.52,1522.7,1522.7,6.98149065,8.0
2021-03-01 12:17:00,1523.33,1525.0,1523.33,1525.0,1.31292946,2.0
2021-03-01 12:18:00,1523.6,1524.91,1523.6,1524.91,2.01341715,3.0
2021-03-01 12:19:00,1525.66,1526.16,1525.5,1525.5,7.64193054,3.0
2021-03-01 12:20:00,1525.5,1525.5,1524.97,1525.5,2.00182809,5.0
2021-03-01 12:21:00,1526.71,1527.63,1526.7,1527.63,7.63184169,5.0
2021-03-01 12:22:00,1529.78,1529.78,1526.21,1526.29,7.6424519,7.0
2021-03-01 12:23:00,1526.75,1526.75,1524.08,1525.52,1.96860242,3.0
2021-03-01 12:24:00,1525.68,1525.68,1524.87,1524.87,1.32015738,3.0
2021-03-01 12:25:00,1525.5,1525.5,1524.36,1524.36,7.6347264,3.0
2021-03-01 12:26:00,1524.36,1524.36,1523.21,1523.21,1.97085637,4.0
2021-03-01 12:27:00,1524.11,1524.11,1522.74,1522.74,1.3141457,2.0
2021-03-01 12:28:00,1522.69,1522.69,1520.37,1520.37,7.63446713,4.0
2021-03-01 12:29:00,1521.0,1521.02,1521.0,1521.02,1.31623631,2.0
2021-03-01 12:30:00,1520.99,1520.99,1517.78,1517.78,9.6584642,7.0
2021-03-01 12:31:00,1518.35,1518.35,1514.97,1514.97,7.36503604,5.0
2021-03-01 12:32:00,1514.97,1514.97,1514.32,1514.32,1.34221911,5.0
2021-03-01 12:33:00,1517.43,1517.43,1515.73,1516.39,16.09947353,9.0
2021-03-01 12:34:00,1518.86,1518.88,1516.0,1518.88,65.53057381,11.0
2021-03-01 12:35:00,1518.88,1519.93,1518.88,1519.93,1.27388894,2.0
2021-03-01 12:36:00,1520.29,1522.24,1520.05,1522.24,8.31137655,5.0
2021-03-01 12:37:00,1522.24,1523.32,1522.24,1523.32,7.33698166,4.0
2021-03-01 12:38:00,1525.0,1525.0,1523.53,1523.53,1.89432157,3.0
2021-03-01 12:39:00,1524.13,1525.0,1523.88,1524.72,56.91448851,15.0
2021-03-01 12:40:00,1524.0,1524.02,1523.42,1523.42,26.42191397,6.0
2021-03-01 12:42:00,1525.0,1525.0,1525.0,1525.0,0.11627018,1.0
2021-03-01 12:44:00,1525.0,1525.0,1525.0,1525.0,2.70447834,4.0
2021-03-01 12:46:00,1525.0,1525.0,1525.0,1525.0,31.49530662,10.0
2021-03-01 12:52:00,1524.1,1524.1,1524.07,1524.07,0.03799705,2.0
2021-03-01 12:56:00,1520.52,1520.52,1520.52,1520.52,0.02650901,1.0
2021-03-01 12:57:00,1521.13,1521.27,1521.13,1521.27,0.55141636,2.0
2021-03-01 12:59:00,1525.0,1525.0,1525.0,1525.0,3.60936061,4.0
2021-03-01 13:00:00,1528.54,1533.39,1528.54,1533.39,6.58081227,6.0
2021-03-01 13:03:00,1536.36,1536.36,1536.36,1536.36,0.12984024,1.0
2021-03-01 13:15:00,1522.93,1522.93,1522.05,1522.05,3.0,3.0
2021-03-01 13:17:00,1526.33,1527.21,1524.35,1525.16,11.0,8.0
2021-03-01 13:18:00,1525.16,1526.41,1525.16,1526.41,14.0,7.0
2021-03-01 13:19:00,1524.86,1524.86,1524.76,1524.78,11.0,8.0
2021-03-01 13:20:00,1525.6,1526.33,1517.81,1517.81,86.0,34.0
2021-03-01 13:22:00,1523.36,1523.36,1523.36,1523.36,0.0166951,1.0
2021-03-01 13:24:00,1520.09,1520.1,1520.09,1520.1,4.0,2.0
2021-03-01 13:25:00,1520.18,1520.18,1520.18,1520.18,0.05,1.0
2021-03-01 13:28:00,1517.59,1517.59,1515.44,1515.44,1.48711155,3.0
2021-03-01 13:29:00,1515.0,1515.0,1512.38,1512.38,8.36,3.0
2021-03-01 13:30:00,1515.07,1515.07,1515.07,1515.07,1.40744045,1.0
2021-03-01 13:32:00,1517.95,1517.95,1517.95,1517.95,0.43454926,1.0
2021-03-01 13:33:00,1518.69,1518.69,1518.69,1518.69,1.2,1.0
2021-03-01 13:35:00,1519.41,1519.41,1519.41,1519.41,4.3,1.0
2021-03-01 13:49:00,1530.85,1531.52,1530.66,1531.52,1.2238493,6.0
2021-03-01 13:52:00,1535.24,1537.12,1535.24,1537.12,0.01654565,2.0
2021-03-01 14:02:00,1538.0,1539.74,1538.0,1539.74,0.05425965,4.0
2021-03-01 14:05:00,1539.48,1539.48,1539.48,1539.48,0.05894492,1.0
2021-03-01 14:08:00,1535.18,1535.18,1535.18,1535.18,0.065,1.0
2021-03-01 14:10:00,1535.15,1535.15,1535.15,1535.15,0.01,1.0
2021-03-01 14:12:00,1535.21,1535.21,1535.21,1535.21,3.1,1.0
2021-03-01 14:13:00,1535.76,1535.76,1535.76,1535.76,6.0,1.0
2021-03-01 14:22:00,1539.35,1539.35,1539.35,1539.35,0.01649997,1.0
2021-03-01 14:24:00,1534.17,1535.03,1451.0,1535.03,112.87575384,54.0
2021-03-01 14:25:00,1531.8,1531.8,1531.79,1531.79,3.0,2.0
2021-03-01 14:26:00,1533.92,1533.92,1521.56,1521.56,64.09703889,18.0
2021-03-01 14:27:00,1533.92,1535.3,1533.92,1535.3,4.66096388,3.0
2021-03-01 14:29:00,1534.86,1535.36,1534.86,1535.36,26.1,5.0
2021-03-01 14:34:00,1530.4,1530.4,1530.39,1530.39,1.32,2.0
2021-03-01 14:38:00,1531.71,1532.77,1531.71,1532.77,7.37151965,3.0
2021-03-01 14:45:00,1535.35,1536.95,1535.35,1536.95,10.0,4.0
2021-03-01 14:46:00,1533.18,1534.99,1531.59,1534.99,11.30646186,5.0
2021-03-01 14:47:00,1532.07,1533.78,1530.0,1530.0,20.65424903,6.0
2021-03-01 14:48:00,1530.0,1530.0,1530.0,1530.0,0.65924903,2.0
2021-03-01 14:49:00,1530.0,1530.0,1530.0,1530.0,1.44932387,3.0
2021-03-01 14:50:00,1530.0,1530.2,1530.0,1530.0,2.32105157,3.0
2021-03-01 14:51:00,1530.37,1530.37,1530.0,1530.0,1.90121197,3.0
2021-03-01 14:52:00,1530.84,1530.84,1530.0,1530.0,4.14006644,4.0
2021-03-01 14:53:00,1530.0,1530.0,1530.0,1530.0,6.9078562,5.0
2021-03-01 14:54:00,1530.0,1530.0,1530.0,1530.0,2.6169961,2.0
2021-03-01 14:55:00,1530.26,1530.26,1530.26,1530.26,0.9082061,1.0
2021-03-01 14:56:00,1530.0,1530.0,1530.0,1530.0,0.03915054,1.0
2021-03-01 14:57:00,1530.0,1530.0,1530.0,1530.0,0.0438213,1.0
2021-03-01 14:58:00,1529.0,1529.0,1529.0,1529.0,2.01862461,3.0
2021-03-01 14:59:00,1529.0,1529.0,1529.0,1529.0,7.98137539,4.0
2021-03-01 15:00:00,1524.96,1524.96,1519.7,1519.89,16.99372051,6.0
2021-03-01 15:01:00,1519.31,1519.31,1519.31,1519.31,0.01,2.0
2021-03-01 15:02:00,1517.59,1517.59,1517.59,1517.59,0.0846293,1.0
2021-03-01 15:06:00,1528.92,1528.92,1528.92,1528.92,0.00836216,1.0
2021-03-01 15:08:00,1527.49,1527.49,1527.36,1527.36,6.19900798,4.0
2021-03-01 15:09:00,1530.24,1530.24,1530.24,1530.24,0.63709,1.0
2021-03-01 15:10:00,1526.02,1526.02,1526.02,1526.02,1.96786609,2.0
2021-03-01 15:12:00,1528.01,1528.01,1528.01,1528.01,1.96530324,1.0
2021-03-01 15:13:00,1528.01,1528.01,1528.01,1528.01,1.96530324,1.0
2021-03-01 15:14:00,1528.01,1528.01,1528.01,1528.01,3.93060648,2.0
2021-03-01 15:15:00,1528.01,1528.01,1528.01,1528.01,2.13878704,2.0
2021-03-01 15:16:00,1527.72,1527.73,1524.97,1524.97,4.31583104,3.0
2021-03-01 15:17:00,1525.55,1525.55,1525.55,1525.55,0.98809,1.0
2021-03-01 15:18:00,1524.17,1524.17,1524.17,1524.17,1.75556824,1.0
2021-03-01 15:20:00,1525.76,1525.76,1525.62,1525.62,1.76397876,3.0
2021-03-01 15:21:00,1526.35,1526.35,1526.0,1526.01,4.41236398,5.0
2021-03-01 15:22:00,1526.0,1527.2,1526.0,1526.0,12.09405761,9.0
2021-03-01 15:24:00,1529.71,1529.71,1529.71,1529.71,6.5,1.0
2021-03-01 15:25:00,1528.01,1528.01,1528.0,1528.0,11.7521653,2.0
2021-03-01 15:26:00,1531.51,1531.52,1531.51,1531.52,1.83650414,2.0
2021-03-01 15:27:00,1532.54,1532.54,1532.54,1532.54,0.34337051,1.0
2021-03-01 15:29:00,1532.67,1532.89,1532.33,1532.33,2.65280345,4.0
2021-03-01 15:30:00,1532.5,1532.5,1532.42,1532.42,0.12148806,2.0
2021-03-01 15:31:00,1532.38,1532.39,1532.38,1532.39,2.12943873,2.0
2021-03-01 15:32:00,1535.46,1539.99,1535.46,1539.99,6.08128705,6.0
2021-03-01 15:33:00,1540.66,1540.68,1540.66,1540.68,1.8342117,3.0
2021-03-01 15:35:00,1538.95,1540.56,1538.07,1538.07,20.89883388,12.0
2021-03-01 15:37:00,1537.42,1537.42,1537.42,1537.42,1.54903414,2.0
2021-03-01 15:38:00,1536.58,1536.58,1536.58,1536.58,0.12008272,1.0
2021-03-01 15:39:00,1535.69,1538.46,1535.69,1538.46,10.05,6.0
2021-03-01 15:40:00,1536.24,1536.24,1536.24,1536.24,0.87489223,3.0
2021-03-01 15:41:00,1535.98,1535.98,1535.98,1535.98,9.94057826,20.0
2021-03-01 15:42:00,1535.98,1535.98,1535.98,1535.98,2.2081659,4.0
2021-03-01 15:45:00,1536.0,1536.0,1536.0,1536.0,6.428551,1.0
2021-03-01 15:46:00,1531.59,1532.81,1531.59,1532.81,13.03781,5.0
2021-03-01 15:48:00,1531.2,1531.2,1531.2,1531.2,0.21683045,2.0
2021-03-01 15:50:00,1529.52,1529.52,1529.52,1529.52,1.4810777,3.0
2021-03-01 15:52:00,1529.44,1529.44,1529.44,1529.44,0.01656728,1.0
2021-03-01 15:56:00,1531.01,1531.01,1531.01,1531.01,4.83061,1.0
2021-03-01 15:57:00,1529.98,1530.0,1529.98,1530.0,1.60882474,3.0
2021-03-01 15:58:00,1530.13,1532.08,1530.13,1530.14,0.60895794,3.0
2021-03-01 15:59:00,1528.84,1530.12,1528.84,1530.12,5.53619369,4.0
2021-03-01 16:00:00,1530.0,1530.0,1530.0,1530.0,1.6232026,3.0
2021-03-01 16:01:00,1534.38,1534.38,1534.38,1534.38,0.18707528,1.0
2021-03-01 16:07:00,1534.66,1534.66,1534.66,1534.66,0.095,1.0
2021-03-01 16:16:00,1545.61,1545.61,1543.43,1543.43,0.107,2.0
2021-03-01 16:22:00,1540.88,1540.88,1540.88,1540.88,0.01641797,1.0
2021-03-01 16:25:00,1542.92,1542.92,1542.92,1542.92,0.02232,1.0
2021-03-01 16:28:00,1549.11,1553.5,1549.11,1552.75,26.37650163,9.0
2021-03-01 16:29:00,1555.0,1555.0,1555.0,1555.0,0.06568087,2.0
2021-03-01 16:30:00,1555.74,1557.98,1555.74,1557.98,13.39161637,8.0
2021-03-01 16:33:00,1555.0,1555.0,1552.8,1552.8,0.77042776,2.0
2021-03-01 16:41:00,1555.59,1555.59,1555.59,1555.59,0.01190557,1.0
2021-03-01 16:43:00,1557.1,1557.1,1557.1,1557.1,1.59894499,1.0
2021-03-01 16:44:00,1556.26,1556.26,1555.55,1555.55,2.09992671,2.0
2021-03-01 16:46:00,1557.27,1557.32,1557.27,1557.32,2.81,3.0
2021-03-01 16:52:00,1550.31,1550.31,1549.59,1549.59,0.76627154,2.0
2021-03-01 16:54:00,1545.7,1545.7,1545.7,1545.7,1.3887,3.0
2021-03-01 16:59:00,1551.75,1551.75,1551.75,1551.75,0.5,1.0
2021-03-01 17:00:00,1556.07,1559.16,1556.07,1559.16,0.07080168,3.0
2021-03-01 17:01:00,1551.61,1551.61,1551.61,1551.61,0.49745162,1.0
2021-03-01 17:02:00,1559.16,1561.0,1559.16,1561.0,5.0823,5.0
2021-03-01 17:03:00,1561.0,1561.0,1561.0,1561.0,15.11604179,1.0
2021-03-01 17:05:00,1557.45,1557.46,1557.45,1557.46,0.56692893,2.0
2021-03-01 17:07:00,1553.09,1553.09,1553.08,1553.08,8.15026408,2.0
2021-03-01 17:10:00,1544.98,1544.98,1543.09,1544.77,1.68929408,4.0
2021-03-01 17:12:00,1547.06,1547.06,1547.06,1547.06,0.51657038,1.0
2021-03-01 17:14:00,1542.22,1542.22,1542.22,1542.22,0.05,1.0
2021-03-01 17:22:00,1555.78,1555.78,1555.78,1555.78,0.01643085,1.0
2021-03-01 17:25:00,1559.16,1559.16,1559.16,1559.16,0.08312896,2.0
2021-03-01 17:30:00,1550.0,1550.0,1550.0,1550.0,4.5,2.0
2021-03-01 17:35:00,1544.98,1544.98,1544.98,1544.98,0.08312896,1.0
2021-03-01 17:42:00,1542.56,1542.56,1541.55,1541.55,10.0,3.0
2021-03-01 17:46:00,1538.35,1538.35,1538.35,1538.35,0.02232,1.0
2021-03-01 17:47:00,1535.8,1535.8,1534.66,1534.66,0.16054789,2.0
2021-03-01 17:48:00,1534.66,1534.66,1533.65,1533.65,1.15755927,4.0
2021-03-01 17:52:00,1538.63,1538.63,1538.63,1538.63,0.01652267,1.0
2021-03-01 17:53:00,1536.0,1536.0,1536.0,1536.0,5.0,12.0
2021-03-01 17:54:00,1539.05,1539.05,1539.05,1539.05,0.0553,1.0
2021-03-01 17:56:00,1542.66,1542.66,1542.66,1542.66,0.49824,1.0
2021-03-01 17:58:00,1549.9,1549.9,1549.9,1549.9,0.03366632,2.0
2021-03-01 18:03:00,1549.9,1549.9,1549.9,1549.9,0.00607316,1.0
2021-03-01 18:05:00,1543.89,1543.89,1543.88,1543.88,0.7,2.0
2021-03-01 18:06:00,1544.98,1544.98,1544.98,1544.98,0.2,1.0
2021-03-01 18:07:00,1546.11,1546.11,1546.11,1546.11,0.56,1.0
2021-03-01 18:15:00,1535.8,1535.8,1535.8,1535.8,0.08360523,1.0
2021-03-01 18:22:00,1539.3,1539.3,1539.3,1539.3,0.01649954,1.0
2021-03-01 18:24:00,1540.01,1540.01,1540.01,1540.01,0.06493464,1.0
2021-03-01 18:31:00,1541.98,1541.98,1541.97,1541.97,3.4,2.0
2021-03-01 18:37:00,1538.93,1538.93,1538.93,1538.93,0.04899909,1.0
2021-03-01 18:38:00,1540.01,1540.01,1540.01,1540.01,1.0,1.0
2021-03-01 18:42:00,1535.1,1535.1,1534.41,1534.41,0.2212,2.0
2021-03-01 18:44:00,1534.55,1534.55,1534.28,1534.28,0.77913843,2.0
2021-03-01 18:45:00,1534.28,1534.28,1534.28,1534.28,0.27016157,1.0
2021-03-01 18:47:00,1528.54,1528.56,1528.54,1528.56,0.8386,2.0
2021-03-01 18:48:00,1529.6,1529.6,1528.57,1528.57,3.522,5.0
2021-03-01 18:52:00,1530.92,1530.92,1530.92,1530.92,0.01657758,1.0
2021-03-01 18:53:00,1526.73,1526.73,1526.67,1526.67,0.09412596,2.0
2021-03-01 18:56:00,1525.76,1525.76,1525.0,1525.0,1.229,3.0
2021-03-01 18:57:00,1523.34,1523.34,1523.34,1523.34,0.05,1.0
2021-03-01 19:01:00,1527.75,1527.75,1527.75,1527.75,0.0228632,1.0
2021-03-01 19:07:00,1528.52,1528.52,1528.52,1528.52,0.25,1.0
2021-03-01 19:15:00,1527.8,1527.8,1524.25,1524.25,0.41297869,2.0
2021-03-01 19:18:00,1518.0,1518.0,1517.59,1517.59,0.54401632,2.0
2021-03-01 19:22:00,1519.86,1519.86,1518.28,1518.28,0.01925752,2.0
2021-03-01 19:23:00,1518.11,1518.11,1518.1,1518.1,2.88054859,5.0
2021-03-01 19:29:00,1518.65,1518.65,1518.65,1518.65,0.5,1.0
2021-03-01 19:30:00,1522.63,1522.63,1522.63,1522.63,0.40586,4.0
2021-03-01 19:36:00,1523.1,1523.1,1523.1,1523.1,0.67,1.0
2021-03-01 19:38:00,1524.22,1524.22,1523.61,1523.61,0.49879489,2.0
2021-03-01 19:42:00,1524.03,1526.57,1524.03,1526.57,19.60321,6.0
2021-03-01 19:45:00,1521.68,1521.68,1521.68,1521.68,0.31731,1.0
2021-03-01 19:46:00,1523.46,1523.46,1523.46,1523.46,1.73592237,1.0
2021-03-01 19:47:00,1524.48,1527.92,1524.48,1526.6,3.16508669,4.0
2021-03-01 19:50:00,1526.55,1526.55,1526.55,1526.55,0.65402671,1.0
2021-03-01 19:52:00,1525.67,1525.67,1525.67,1525.67,0.29494947,3.0
2021-03-01 19:55:00,1525.04,1525.04,1525.04,1525.04,0.3127,1.0
2021-03-01 19:56:00,1526.99,1526.99,1526.99,1526.99,0.01403,1.0
2021-03-01 19:58:00,1525.12,1525.12,1525.12,1525.12,0.00591103,1.0
2021-03-01 20:08:00,1526.87,1526.87,1526.87,1526.87,0.01661508,1.0
2021-03-01 20:10:00,1530.0,1530.0,1530.0,1530.0,0.5,1.0
2021-03-01 20:11:00,1531.52,1531.52,1531.52,1531.52,0.06986366,1.0
2021-03-01 20:15:00,1526.03,1526.03,1526.03,1526.03,0.08437479,1.0
2021-03-01 20:17:00,1523.48,1523.48,1522.14,1522.14,19.59,5.0
2021-03-01 20:26:00,1516.35,1516.35,1516.35,1516.35,1.79689851,1.0
2021-03-01 20:28:00,1517.08,1517.08,1517.08,1517.08,0.05,1.0
2021-03-01 20:38:00,1517.99,1518.46,1516.05,1518.46,3.15003481,5.0
2021-03-01 20:40:00,1512.24,1512.24,1512.24,1512.24,0.3696,1.0
2021-03-01 20:41:00,1509.69,1509.69,1507.92,1507.92,0.53513,5.0
2021-03-01 20:43:00,1508.8,1508.8,1508.8,1508.8,0.05,1.0
2021-03-01 20:45:00,1505.18,1505.18,1505.18,1505.18,1.0,1.0
2021-03-01 20:48:00,1513.72,1513.91,1513.72,1513.91,3.33,3.0
2021-03-01 20:49:00,1519.12,1519.12,1517.91,1517.91,3.5918,3.0
2021-03-01 20:51:00,1522.42,1524.16,1522.42,1524.16,1.0,2.0
2021-03-01 20:54:00,1524.59,1524.59,1524.59,1524.59,0.19583,1.0
2021-03-01 20:55:00,1524.19,1524.19,1524.19,1524.19,0.00899307,1.0
2021-03-01 20:59:00,1515.94,1515.94,1515.94,1515.94,0.04066335,1.0
2021-03-01 21:00:00,1515.95,1515.95,1515.95,1515.95,0.15557803,1.0
2021-03-01 21:05:00,1525.93,1525.93,1525.0,1525.0,4.78687591,4.0
2021-03-01 21:06:00,1525.36,1525.36,1525.36,1525.36,0.15,1.0
2021-03-01 21:08:00,1522.15,1522.15,1522.15,1522.15,0.01661247,1.0
2021-03-01 21:10:00,1519.55,1519.82,1519.55,1519.82,1.63003757,5.0
2021-03-01 21:11:00,1516.38,1516.38,1516.38,1516.38,0.7679,1.0
2021-03-01 21:18:00,1524.51,1524.51,1524.51,1524.51,0.60239431,2.0
2021-03-01 21:22:00,1525.47,1525.47,1525.47,1525.47,0.01675524,1.0
2021-03-01 21:27:00,1519.9,1519.9,1519.9,1519.9,0.01675524,1.0
2021-03-01 21:30:00,1515.26,1515.26,1514.42,1514.43,3.8306,3.0
2021-03-01 21:37:00,1509.61,1509.61,1509.61,1509.61,0.01,1.0
2021-03-01 21:38:00,1510.8,1512.35,1510.8,1512.35,3.0165658,5.0
2021-03-01 21:49:00,1517.54,1517.54,1517.54,1517.54,0.3185,1.0
2021-03-01 21:50:00,1519.47,1519.47,1519.47,1519.47,0.06252,1.0
2021-03-01 21:51:00,1518.71,1518.71,1518.71,1518.71,0.52178431,2.0
2021-03-01 21:59:00,1519.36,1519.36,1519.36,1519.36,0.01976,1.0
2021-03-01 22:08:00,1529.0,1529.0,1529.0,1529.0,0.01667807,1.0
2021-03-01 22:10:00,1527.37,1527.37,1527.37,1527.37,0.1,1.0
2021-03-01 22:13:00,1523.34,1523.34,1523.34,1523.34,0.01675524,1.0
2021-03-01 22:19:00,1522.87,1522.87,1522.87,1522.87,0.01675524,1.0
2021-03-01 22:28:00,1524.7,1524.7,1524.7,1524.7,0.0317,1.0
2021-03-01 22:33:00,1521.8,1521.8,1521.8,1521.8,0.02027713,1.0
2021-03-01 22:36:00,1525.39,1525.39,1525.39,1525.39,0.01213285,1.0
2021-03-01 22:38:00,1525.58,1525.58,1525.58,1525.58,0.01661214,1.0
2021-03-01 22:39:00,1526.19,1526.19,1526.19,1526.19,0.01675524,1.0
2021-03-01 22:42:00,1525.66,1525.66,1525.66,1525.66,0.0071913,1.0
2021-03-01 22:46:00,1527.89,1527.9,1527.89,1527.9,4.24825951,2.0
2021-03-01 22:48:00,1529.24,1531.8,1529.24,1531.8,0.05724433,5.0
2021-03-01 22:49:00,1533.48,1533.48,1532.85,1532.85,6.6483,3.0
2021-03-01 22:51:00,1533.34,1533.35,1533.34,1533.35,0.03351048,2.0
2021-03-01 22:52:00,1533.35,1537.72,1533.35,1537.71,6.60176711,4.0
2021-03-01 22:53:00,1540.68,1540.68,1540.68,1540.68,0.08412596,1.0
2021-03-01 22:54:00,1544.35,1544.35,1544.34,1544.35,6.6483,3.0
2021-03-01 22:56:00,1543.81,1543.81,1543.81,1543.81,0.03351048,2.0
2021-03-01 22:57:00,1546.58,1549.9,1546.58,1549.9,0.07452029,2.0
2021-03-01 22:58:00,1546.02,1546.02,1546.01,1546.01,3.33,4.0
2021-03-01 23:01:00,1544.7,1544.7,1544.7,1544.7,0.41521,1.0
2021-03-01 23:02:00,1544.7,1544.7,1542.85,1542.85,0.05341969,3.0
2021-03-01 23:03:00,1540.63,1540.63,1540.63,1540.63,0.2,1.0
2021-03-01 23:08:00,1540.57,1540.57,1540.57,1540.57,0.01644781,1.0
2021-03-01 23:09:00,1539.15,1539.15,1539.15,1539.15,0.51186,1.0
2021-03-01 23:10:00,1539.15,1539.15,1539.15,1539.15,0.025,1.0
2021-03-01 23:14:00,1539.81,1539.81,1539.81,1539.81,0.18351048,3.0
2021-03-01 23:21:00,1540.48,1540.52,1540.48,1540.51,0.03351048,3.0
2021-03-01 23:25:00,1541.69,1541.69,1541.69,1541.69,0.03862,1.0
2021-03-01 23:26:00,1539.65,1539.65,1537.79,1537.79,17.94736386,11.0
2021-03-01 23:28:00,1542.18,1542.18,1542.18,1542.18,0.01191076,2.0
2021-03-01 23:30:00,1543.8,1543.8,1543.8,1543.8,0.0072,1.0
2021-03-01 23:33:00,1549.9,1549.91,1549.9,1549.91,0.03351048,3.0
2021-03-01 23:37:00,1551.68,1551.68,1551.68,1551.68,2.46891059,2.0
2021-03-01 23:38:00,1551.72,1551.72,1551.72,1551.72,0.01633068,1.0
2021-03-01 23:39:00,1551.71,1551.71,1551.71,1551.71,0.4565,1.0
2021-03-01 23:42:00,1554.96,1554.96,1554.95,1554.95,8.0,2.0
2021-03-01 23:47:00,1550.57,1550.57,1550.57,1550.57,0.03351048,2.0
2021-03-01 23:51:00,1550.57,1550.57,1550.57,1550.57,0.09503128,1.0
2021-03-01 23:57:00,1548.77,1548.77,1548.77,1548.77,0.01039032,2.0
2021-03-02 00:00:00,1550.8,1550.8,1550.8,1550.8,1.70150415,1.0
2021-03-02 00:01:00,1550.28,1550.28,1550.28,1550.28,1.03020017,2.0
2021-03-02 00:03:00,1553.19,1553.19,1553.19,1553.19,0.69375951,2.0
2021-03-02 00:04:00,1553.19,1553.19,1553.19,1553.19,0.84012003,1.0
2021-03-02 00:08:00,1555.37,1558.26,1555.37,1558.26,1.71584934,7.0
2021-03-02 00:11:00,1552.91,1552.91,1552.91,1552.91,0.28298103,1.0
2021-03-02 00:12:00,1554.2,1554.2,1554.2,1554.2,0.2829,2.0
2021-03-02 00:18:00,1556.69,1556.69,1556.69,1556.69,0.16061322,1.0
2021-03-02 00:19:00,1556.69,1556.69,1556.69,1556.69,1.46040598,2.0
2021-03-02 00:20:00,1559.15,1559.16,1559.15,1559.16,1.73592519,3.0
2021-03-02 00:22:00,1558.43,1558.43,1558.43,1558.43,0.21205673,1.0
2021-03-02 00:24:00,1557.81,1557.81,1557.81,1557.81,1.61961227,2.0
2021-03-02 00:27:00,1560.0,1560.0,1558.0,1558.0,10.69800543,6.0
2021-03-02 00:29:00,1560.35,1561.33,1560.35,1561.33,11.68253968,4.0
2021-03-02 00:30:00,1560.0,1560.42,1560.0,1560.42,1.10172648,2.0
2021-03-02 00:31:00,1560.0,1560.0,1558.0,1558.0,11.35559543,2.0
2021-03-02 00:34:00,1555.87,1555.87,1555.87,1555.87,1.65907696,1.0
2021-03-02 00:38:00,1558.04,1558.04,1558.04,1558.04,0.0162867,1.0
2021-03-02 00:39:00,1557.48,1557.48,1557.47,1557.47,3.00080405,2.0
2021-03-02 00:41:00,1558.04,1558.04,1558.04,1558.04,0.19312978,1.0
2021-03-02 00:42:00,1558.04,1558.04,1558.04,1558.04,0.16045801,1.0
2021-03-02 00:43:00,1558.04,1558.04,1558.04,1558.04,1.28908044,4.0
2021-03-02 00:47:00,1560.49,1560.49,1560.49,1560.49,0.49784017,2.0
2021-03-02 00:48:00,1560.49,1563.68,1560.49,1563.68,2.78518529,4.0
2021-03-02 00:49:00,1566.83,1568.48,1566.83,1568.48,1.70824548,3.0
2021-03-02 00:52:00,1570.86,1570.86,1570.86,1570.86,0.02192044,1.0
2021-03-02 00:54:00,1571.2,1571.2,1571.0,1571.0,4.59400182,3.0
2021-03-02 01:04:00,1576.12,1576.12,1576.12,1576.12,0.00519723,1.0
2021-03-02 01:06:00,1577.86,1577.87,1577.86,1577.87,0.08715173,2.0
2021-03-02 01:09:00,1581.31,1581.32,1581.31,1581.32,0.02605962,3.0
2021-03-02 01:12:00,1583.76,1583.83,1583.76,1583.83,0.02,3.0
2021-03-02 01:13:00,1586.68,1587.31,1586.68,1587.31,0.09971769,4.0
2021-03-02 01:15:00,1587.45,1587.45,1586.63,1586.63,0.56020648,2.0
2021-03-02 01:17:00,1589.12,1589.12,1589.12,1589.12,1.25628,1.0
2021-03-02 01:18:00,1589.12,1589.12,1589.12,1589.12,48.73961,11.0
2021-03-02 01:19:00,1594.33,1595.0,1594.33,1595.0,0.03160869,2.0
2021-03-02 01:20:00,1595.0,1595.0,1595.0,1595.0,0.99279131,2.0
2021-03-02 01:22:00,1596.8,1603.21,1596.8,1603.21,28.71565262,17.0
2021-03-02 01:32:00,1593.41,1593.43,1593.41,1593.43,5.6401,2.0
2021-03-02 01:34:00,1589.81,1592.67,1589.81,1592.67,10.0,4.0
2021-03-02 01:35:00,1583.95,1583.95,1582.28,1582.28,0.13116931,2.0
2021-03-02 01:38:00,1584.99,1584.99,1579.19,1579.19,11.8375,5.0
2021-03-02 01:39:00,1582.61,1582.61,1582.61,1582.61,0.0160462,1.0
2021-03-02 01:40:00,1587.58,1587.58,1587.58,1587.58,0.01100825,1.0
2021-03-02 01:43:00,1584.27,1584.27,1584.27,1584.27,1.17955232,3.0
2021-03-02 01:45:00,1584.95,1584.95,1584.95,1584.95,0.07537,1.0
2021-03-02 01:47:00,1579.42,1579.94,1579.05,1579.94,18.1116188,46.0
2021-03-02 01:48:00,1579.94,1579.94,1571.5,1571.5,45.98451778,119.0
2021-03-02 01:49:00,1571.28,1571.3,1570.93,1571.3,5.70339725,6.0
2021-03-02 01:50:00,1568.51,1568.51,1563.64,1563.64,4.1961262,12.0
2021-03-02 01:51:00,1568.08,1568.08,1568.08,1568.08,0.4,1.0
2021-03-02 01:52:00,1572.17,1572.17,1572.17,1572.17,0.00534942,1.0
2021-03-02 01:54:00,1572.5,1572.5,1572.5,1572.5,1.56527697,1.0
2021-03-02 01:55:00,1572.79,1572.79,1572.79,1572.79,1.55570028,1.0
2021-03-02 01:58:00,1566.95,1566.95,1566.95,1566.95,3.76748,1.0
2021-03-02 02:00:00,1567.33,1567.33,1562.55,1562.55,3.42851063,4.0
2021-03-02 02:01:00,1562.82,1562.82,1562.82,1562.82,1.55100912,4.0
2021-03-02 02:02:00,1562.23,1562.23,1562.23,1562.23,1.48209529,2.0
2021-03-02 02:03:00,1559.43,1559.43,1554.24,1554.24,7.3559792,3.0
2021-03-02 02:04:00,1554.22,1554.22,1554.22,1554.22,0.08263475,1.0
2021-03-02 02:07:00,1561.63,1564.19,1561.63,1564.19,28.48818,5.0
2021-03-02 02:08:00,1560.35,1562.94,1560.35,1562.94,19.45078915,6.0
2021-03-02 02:09:00,1560.35,1563.25,1560.35,1563.25,20.71350303,6.0
2021-03-02 02:10:00,1562.63,1562.63,1562.63,1562.63,0.0418875,2.0
2021-03-02 02:11:00,1562.63,1562.63,1562.63,1562.63,0.86008348,1.0
2021-03-02 02:13:00,1558.42,1558.42,1558.42,1558.42,0.20821141,2.0
2021-03-02 02:15:00,1550.0,1551.83,1550.0,1551.83,1.40108442,2.0
2021-03-02 02:16:00,1550.99,1550.99,1550.0,1550.0,22.22185748,2.0
2021-03-02 02:17:00,1545.04,1545.04,1544.98,1544.98,0.09759701,2.0
2021-03-02 02:18:00,1542.19,1542.19,1542.19,1542.19,0.02238941,1.0
2021-03-02 02:26:00,1557.01,1558.63,1557.01,1558.14,16.41534764,43.0
2021-03-02 02:28:00,1555.68,1555.68,1555.68,1555.68,0.01089464,1.0
2021-03-02 02:29:00,1551.31,1551.31,1550.12,1550.12,0.43016444,3.0
2021-03-02 02:31:00,1545.59,1546.26,1545.59,1546.26,0.42040894,2.0
2021-03-02 02:32:00,1543.9,1543.9,1542.18,1542.18,18.11894,4.0
2021-03-02 02:37:00,1551.19,1551.19,1551.19,1551.19,0.29265478,1.0
2021-03-02 02:39:00,1552.95,1552.95,1552.95,1552.95,0.01633584,1.0
2021-03-02 02:40:00,1559.16,1559.16,1559.16,1559.16,0.76320646,6.0
2021-03-02 02:41:00,1560.0,1560.0,1560.0,1560.0,0.14994758,2.0
2021-03-02 02:42:00,1560.0,1560.0,1560.0,1560.0,0.85005242,1.0
2021-03-02 02:43:00,1563.45,1563.5,1563.45,1563.5,0.03901351,2.0
2021-03-02 02:46:00,1561.87,1561.87,1561.87,1561.87,0.24611028,2.0
2021-03-02 02:48:00,1561.87,1561.87,1561.87,1561.87,0.75491554,2.0
2021-03-02 02:49:00,1563.77,1564.34,1563.77,1564.34,2.82534,3.0
2021-03-02 02:50:00,1563.12,1563.12,1563.12,1563.12,0.04952439,1.0
2021-03-02 02:53:00,1567.88,1567.88,1567.88,1567.88,0.73037939,1.0
2021-03-02 02:57:00,1568.48,1568.48,1568.48,1568.48,0.08263475,1.0
2021-03-02 02:58:00,1570.19,1570.19,1570.19,1570.19,0.0399,1.0
2021-03-02 02:59:00,1569.1,1569.1,1569.1,1569.1,1.8208273,2.0
2021-03-02 03:03:00,1562.26,1562.26,1554.22,1554.23,0.5007695,4.0
2021-03-02 03:07:00,1559.79,1559.79,1559.79,1559.79,0.35,1.0
2021-03-02 03:08:00,1561.19,1561.19,1561.19,1561.19,5.5471,1.0
2021-03-02 03:09:00,1564.22,1568.48,1564.22,1568.48,0.54446595,4.0
2021-03-02 03:17:00,1571.19,1571.2,1571.19,1571.2,5.63807459,3.0
2021-03-02 03:23:00,1564.2,1564.2,1564.2,1564.2,0.4163,1.0
2021-03-02 03:32:00,1577.87,1577.87,1577.87,1577.87,0.08214323,3.0
2021-03-02 03:33:00,1581.18,1581.18,1581.18,1581.18,5.6038,2.0
2021-03-02 03:39:00,1581.56,1581.56,1577.91,1577.91,0.266026,2.0
2021-03-02 03:45:00,1579.68,1582.44,1579.68,1582.44,10.0,5.0
2021-03-02 03:55:00,1578.5,1578.5,1576.45,1576.45,8.07773228,3.0
2021-03-02 03:57:00,1570.23,1570.23,1570.23,1570.23,3.3455,1.0
2021-03-02 03:59:00,1569.61,1569.61,1569.61,1569.61,2.05,2.0
2021-03-02 04:01:00,1563.52,1565.31,1563.52,1565.31,0.10466323,2.0
2021-03-02 04:05:00,1564.66,1564.66,1564.66,1564.66,0.34136976,1.0
2021-03-02 04:09:00,1572.27,1572.27,1572.27,1572.27,0.01619521,1.0
2021-03-02 04:12:00,1576.34,1577.81,1576.34,1577.81,11.1,3.0
2021-03-02 04:27:00,1554.22,1554.22,1554.22,1554.22,0.08263475,1.0
2021-03-02 04:30:00,1553.21,1553.21,1553.21,1553.21,0.05,1.0
2021-03-02 04:33:00,1550.93,1550.93,1550.93,1550.93,1.21,1.0
2021-03-02 04:34:00,1555.48,1559.03,1555.48,1559.03,6.18792393,2.0
2021-03-02 04:39:00,1558.82,1558.82,1558.82,1558.82,0.01625369,1.0
2021-03-02 04:40:00,1555.64,1555.64,1555.64,1555.64,0.6,1.0
2021-03-02 04:43:00,1553.88,1553.88,1553.88,1553.88,0.04,1.0
2021-03-02 04:50:00,1556.61,1556.61,1556.13,1556.13,7.12601,3.0
2021-03-02 04:54:00,1561.2,1561.2,1561.2,1561.2,0.00736833,1.0
2021-03-02 05:01:00,1557.88,1557.88,1557.88,1557.88,0.31617351,1.0
2021-03-02 05:03:00,1561.43,1561.43,1561.43,1561.43,5.7227,1.0
2021-03-02 05:07:00,1568.48,1568.48,1568.48,1568.48,0.08263475,1.0
2021-03-02 05:09:00,1567.62,1567.62,1567.62,1567.62,0.01615576,1.0
2021-03-02 05:10:00,1565.04,1565.04,1565.04,1565.04,0.01573,1.0
2021-03-02 05:19:00,1559.18,1559.18,1559.18,1559.18,0.055,1.0
2021-03-02 05:21:00,1563.71,1563.71,1563.71,1563.71,3.14769,1.0
2021-03-02 05:26:00,1562.64,1562.64,1562.64,1562.64,0.03525,1.0
2021-03-02 05:32:00,1561.18,1561.18,1561.18,1561.18,0.06142789,3.0
2021-03-02 05:37:00,1564.83,1564.83,1564.83,1564.83,0.24074464,1.0
2021-03-02 05:39:00,1567.6,1567.6,1567.6,1567.6,0.01619345,1.0
2021-03-02 05:40:00,1570.51,1570.51,1570.51,1570.51,0.01254,1.0
2021-03-02 05:49:00,1569.83,1569.83,1569.83,1569.83,0.49784026,1.0
2021-03-02 05:54:00,1571.47,1571.47,1571.47,1571.47,0.02118486,1.0
2021-03-02 05:58:00,1575.45,1575.45,1575.45,1575.45,1.56727565,2.0
2021-03-02 06:00:00,1576.52,1576.52,1576.52,1576.52,1.5657899,3.0
2021-03-02 06:01:00,1577.87,1577.87,1577.87,1577.87,1.24769,2.0
2021-03-02 06:08:00,1571.94,1571.94,1571.94,1571.94,1.13893985,1.0
2021-03-02 06:09:00,1570.89,1571.94,1570.89,1571.94,0.0161202,2.0
2021-03-02 06:14:00,1581.48,1581.48,1581.48,1581.48,1.5427947,1.0
2021-03-02 06:21:00,1577.87,1577.87,1577.87,1577.87,2.21242789,1.0
2021-03-02 06:31:00,1571.57,1571.57,1571.57,1571.57,0.066,1.0
2021-03-02 06:39:00,1572.6,1572.6,1572.6,1572.6,0.016124,1.0
2021-03-02 06:40:00,1571.72,1571.72,1571.72,1571.72,3.05670527,1.0
2021-03-02 06:51:00,1563.52,1563.52,1563.52,1563.52,0.08214323,1.0
2021-03-02 06:55:00,1561.66,1561.66,1561.66,1561.66,2.55984416,1.0
2021-03-02 07:01:00,1556.58,1556.58,1556.58,1556.58,2.3312831,2.0
2021-03-02 07:03:00,1554.22,1554.22,1554.22,1554.22,0.08263475,3.0
2021-03-02 07:05:00,1551.97,1551.97,1551.97,1551.97,0.005,1.0
2021-03-02 07:09:00,1547.45,1547.45,1547.45,1547.45,0.01632763,1.0
2021-03-02 07:15:00,1548.89,1548.89,1548.89,1548.89,0.95,1.0
2021-03-02 07:16:00,1545.89,1545.89,1544.98,1544.98,1.96722156,3.0
2021-03-02 07:17:00,1544.13,1544.13,1544.13,1544.13,0.05,1.0
2021-03-02 07:26:00,1548.07,1548.07,1548.07,1548.07,0.0493,1.0
2021-03-02 07:27:00,1550.59,1550.6,1550.59,1550.6,3.0,2.0
2021-03-02 07:35:00,1546.55,1546.55,1546.55,1546.55,0.00829343,1.0
2021-03-02 07:36:00,1545.12,1545.12,1542.62,1542.62,0.45307459,2.0
2021-03-02 07:39:00,1549.54,1549.54,1549.54,1549.54,0.01642659,1.0
2021-03-02 07:41:00,1550.93,1550.93,1550.93,1550.93,1.177,2.0
2021-03-02 07:48:00,1549.36,1549.36,1549.36,1549.36,0.5,1.0
2021-03-02 07:51:00,1546.07,1546.07,1546.07,1546.07,1.5252197,4.0
2021-03-02 07:56:00,1544.32,1544.32,1544.32,1544.32,0.08645,1.0
2021-03-02 08:08:00,1542.58,1542.58,1542.58,1542.58,0.21168,1.0
2021-03-02 08:09:00,1545.59,1545.59,1545.59,1545.59,0.01642702,1.0
2021-03-02 08:14:00,1536.89,1536.89,1534.86,1534.86,0.34681526,8.0
2021-03-02 08:15:00,1536.07,1536.07,1536.07,1536.07,0.05,1.0
2021-03-02 08:17:00,1537.77,1537.77,1537.77,1537.77,0.163,1.0
2021-03-02 08:27:00,1545.01,1545.01,1545.01,1545.01,0.67666839,1.0
2021-03-02 08:38:00,1549.53,1549.53,1549.53,1549.53,2.0,1.0
2021-03-02 08:39:00,1549.67,1549.67,1549.67,1549.67,0.01635334,1.0
2021-03-02 08:42:00,1548.2,1548.2,1548.2,1548.2,0.27076268,2.0
2021-03-02 08:43:00,1548.2,1548.2,1548.2,1548.2,0.31855485,2.0
2021-03-02 08:59:00,1537.7,1537.7,1537.7,1537.7,30.0,5.0
2021-03-02 09:01:00,1545.27,1545.27,1545.27,1545.27,0.2308,2.0
2021-03-02 09:05:00,1546.55,1546.55,1546.55,1546.55,0.03015923,1.0
2021-03-02 09:07:00,1546.55,1546.55,1546.55,1546.55,8.72588075,19.0
2021-03-02 09:08:00,1546.55,1546.55,1546.55,1546.55,0.18179563,2.0
2021-03-02 09:09:00,1545.83,1545.83,1545.09,1545.09,0.03935634,2.0
2021-03-02 09:10:00,1545.09,1546.55,1545.09,1546.55,1.13608218,2.0
2021-03-02 09:11:00,1546.55,1546.55,1546.55,1546.55,0.01045,1.0
2021-03-02 09:12:00,1546.02,1546.02,1546.02,1546.02,0.05248679,1.0
2021-03-02 09:13:00,1546.55,1548.2,1546.55,1548.2,28.80794845,21.0
2021-03-02 09:14:00,1548.2,1548.2,1548.2,1548.2,0.16903746,3.0
2021-03-02 09:15:00,1548.2,1549.9,1548.2,1549.9,78.93894719,5.0
2021-03-02 09:17:00,1555.34,1556.37,1555.34,1556.37,11.58385093,3.0
2021-03-02 09:18:00,1556.58,1557.06,1556.58,1557.06,0.10653,3.0
2021-03-02 09:23:00,1553.54,1553.54,1553.54,1553.54,4.0,1.0
2021-03-02 09:27:00,1557.19,1557.19,1557.19,1557.19,0.1106,2.0
2021-03-02 09:28:00,1559.15,1562.85,1559.15,1562.85,1.68304384,6.0
2021-03-02 09:30:00,1562.26,1562.26,1562.26,1562.26,1.49938501,3.0
2021-03-02 09:35:00,1559.43,1559.43,1559.43,1559.43,0.43386958,1.0
2021-03-02 09:38:00,1556.0,1556.0,1553.2,1553.2,26.0,11.0
2021-03-02 09:39:00,1560.11,1560.11,1560.11,1560.11,0.0163147,1.0
2021-03-02 09:41:00,1562.29,1562.29,1562.29,1562.29,3.59927394,2.0
2021-03-02 09:42:00,1562.0,1562.0,1562.0,1562.0,4.41658984,1.0
2021-03-02 09:52:00,1559.59,1559.59,1559.59,1559.59,0.02742,1.0
2021-03-02 10:01:00,1563.58,1563.58,1562.86,1562.86,1.56913342,3.0
2021-03-02 10:03:00,1563.8,1563.8,1563.8,1563.8,1.55014153,3.0
2021-03-02 10:06:00,1566.83,1568.7,1566.83,1568.7,3.19398069,5.0
2021-03-02 10:07:00,1569.67,1569.67,1568.99,1568.99,0.10865782,2.0
2021-03-02 10:08:00,1568.22,1568.22,1568.22,1568.22,0.38170182,3.0
2021-03-02 10:09:00,1568.22,1569.18,1568.22,1569.18,1.54357074,3.0
2021-03-02 10:10:00,1571.69,1571.69,1571.69,1571.69,0.02338824,1.0
2021-03-02 10:12:00,1570.07,1570.07,1570.07,1570.07,0.24928296,4.0
2021-03-02 10:13:00,1570.07,1570.07,1570.07,1570.07,0.1479184,1.0
2021-03-02 10:19:00,1566.26,1566.26,1566.26,1566.26,0.7,1.0
2021-03-02 10:28:00,1568.64,1568.64,1568.64,1568.64,0.31593473,2.0
2021-03-02 10:31:00,1568.06,1568.06,1568.06,1568.06,0.03623043,1.0
2021-03-02 10:38:00,1569.09,1569.09,1569.09,1569.09,0.178,1.0
2021-03-02 10:39:00,1569.8,1569.8,1569.8,1569.8,0.01614948,1.0
2021-03-02 10:49:00,1567.02,1567.02,1567.02,1567.02,0.2,1.0
2021-03-02 10:56:00,1565.03,1565.03,1565.03,1565.03,0.0168,1.0
2021-03-02 11:00:00,1570.26,1570.26,1570.26,1570.26,0.56468,1.0
2021-03-02 11:09:00,1566.6,1566.6,1566.6,1566.6,0.01613745,1.0
2021-03-02 11:10:00,1566.6,1570.4,1566.6,1570.4,7.0358913,4.0
2021-03-02 11:11:00,1567.22,1567.22,1567.22,1567.22,0.95,1.0
2021-03-02 11:14:00,1565.43,1565.43,1565.43,1565.43,2.0,1.0
2021-03-02 11:20:00,1562.83,1562.83,1562.25,1562.25,0.09832875,2.0
2021-03-02 11:39:00,1572.38,1572.38,1572.38,1572.38,0.01622019,1.0
2021-03-02 11:48:00,1563.71,1563.71,1563.71,1563.71,1.21630127,1.0
2021-03-02 11:49:00,1563.71,1563.71,1563.71,1563.71,1.98492327,2.0
2021-03-02 11:52:00,1560.0,1560.0,1559.05,1559.05,6.25266155,6.0
2021-03-02 11:57:00,1556.0,1556.0,1556.0,1556.0,0.0066,1.0
2021-03-02 11:58:00,1554.45,1554.65,1554.22,1554.65,0.14263475,3.0
2021-03-02 12:01:00,1553.57,1553.57,1553.57,1553.57,0.86908252,1.0
2021-03-02 12:03:00,1555.67,1555.67,1555.67,1555.67,0.7713718,1.0
2021-03-02 12:05:00,1555.15,1555.15,1555.15,1555.15,0.56,1.0
2021-03-02 12:09:00,1558.68,1558.68,1558.68,1558.68,0.01629424,1.0
2021-03-02 12:10:00,1556.28,1556.28,1556.28,1556.28,0.3003,1.0
2021-03-02 12:15:00,1557.83,1557.83,1556.57,1556.57,2.48,3.0
2021-03-02 12:23:00,1560.59,1560.59,1560.59,1560.59,0.1,1.0
2021-03-02 12:26:00,1556.45,1556.45,1556.45,1556.45,1.16535726,1.0
2021-03-02 12:27:00,1554.3,1554.3,1553.43,1553.43,1.4817,2.0
2021-03-02 12:30:00,1566.9,1566.9,1566.9,1566.9,0.62923,1.0
2021-03-02 12:35:00,1568.48,1568.48,1568.48,1568.48,0.08263475,1.0
2021-03-02 12:38:00,1570.51,1570.51,1570.51,1570.51,0.31754231,1.0
2021-03-02 12:39:00,1569.88,1569.88,1569.88,1569.88,0.01613488,1.0
2021-03-02 12:45:00,1569.52,1569.52,1569.52,1569.52,1.44375,1.0
2021-03-02 12:53:00,1568.46,1568.46,1568.46,1568.46,1.5,1.0
2021-03-02 12:57:00,1572.02,1572.02,1572.02,1572.02,0.08179818,1.0
2021-03-02 12:59:00,1570.45,1570.45,1570.45,1570.45,0.04866288,1.0
2021-03-02 13:03:00,1570.46,1570.46,1570.46,1570.46,0.07906817,1.0
2021-03-02 13:04:00,1572.73,1574.02,1572.73,1574.02,0.0665,2.0
2021-03-02 13:05:00,1575.45,1575.45,1575.45,1575.45,1.3302,2.0
2021-03-02 13:06:00,1577.87,1577.87,1577.87,1577.87,0.08214323,1.0
2021-03-02 13:08:00,1573.55,1573.55,1573.55,1573.55,0.05,1.0
2021-03-02 13:09:00,1577.16,1577.16,1577.16,1577.16,0.01610371,1.0
2021-03-02 13:15:00,1571.27,1571.27,1571.27,1571.27,0.0094,1.0
2021-03-02 13:17:00,1569.85,1569.85,1569.85,1569.85,0.05401853,1.0
2021-03-02 13:20:00,1564.99,1564.99,1564.99,1564.99,1.47791184,1.0
2021-03-02 13:25:00,1564.58,1564.58,1564.58,1564.58,0.02434716,1.0
2021-03-02 13:29:00,1563.52,1563.52,1563.52,1563.52,0.08214323,2.0
2021-03-02 13:31:00,1560.69,1560.69,1558.81,1558.81,0.1509165,3.0
2021-03-02 13:33:00,1558.62,1558.62,1558.62,1558.62,2.51838966,2.0
2021-03-02 13:39:00,1564.93,1564.93,1564.93,1564.93,0.01625797,1.0
2021-03-02 13:40:00,1563.36,1564.0,1563.36,1564.0,17.05776281,17.0
2021-03-02 13:41:00,1564.0,1564.0,1564.0,1564.0,102.94223719,32.0
2021-03-02 13:45:00,1562.58,1562.58,1562.58,1562.58,0.15244244,1.0
2021-03-02 13:56:00,1566.08,1566.08,1566.08,1566.08,0.385,1.0
2021-03-02 14:02:00,1566.49,1566.49,1566.49,1566.49,0.04609084,3.0
2021-03-02 14:09:00,1569.86,1569.86,1569.86,1569.86,0.01617629,1.0
2021-03-02 14:10:00,1570.16,1570.16,1570.16,1570.16,3.6,1.0
2021-03-02 14:16:00,1568.11,1568.11,1568.11,1568.11,0.32,1.0
2021-03-02 14:26:00,1571.2,1571.2,1571.2,1571.2,0.6292,3.0
2021-03-02 14:39:00,1571.57,1571.57,1571.57,1571.57,0.0161278,1.0
2021-03-02 14:42:00,1568.78,1572.0,1568.13,1568.13,78.90468485,17.0
2021-03-02 14:43:00,1568.13,1568.13,1568.12,1568.12,0.4982645,2.0
2021-03-02 14:46:00,1568.12,1568.12,1568.12,1568.12,1e-08,1.0
2021-03-02 14:54:00,1575.0,1575.0,1575.0,1575.0,0.52820824,1.0
2021-03-02 15:04:00,1571.0,1571.0,1571.0,1571.0,2.24542258,9.0
2021-03-02 15:07:00,1574.73,1574.73,1574.73,1574.73,2.3,1.0
2021-03-02 15:09:00,1577.79,1580.52,1577.79,1580.52,1.5966966,5.0
2021-03-02 15:10:00,1580.5,1580.5,1580.5,1580.5,1.44333155,3.0
2021-03-02 15:11:00,1582.42,1588.12,1582.42,1588.12,6.44670317,9.0
2021-03-02 15:14:00,1582.51,1582.51,1582.51,1582.51,1.3067283,1.0
2021-03-02 15:16:00,1582.8,1582.8,1582.8,1582.8,1.30614236,2.0
2021-03-02 15:22:00,1591.26,1591.26,1591.04,1591.26,1.48184639,6.0
2021-03-02 15:24:00,1594.0,1594.0,1594.0,1594.0,0.2823275,2.0
2021-03-02 15:25:00,1589.99,1589.99,1589.96,1589.96,0.82526736,3.0
2021-03-02 15:29:00,1589.16,1589.16,1589.16,1589.16,0.86532904,1.0
2021-03-02 15:30:00,1590.87,1590.87,1590.87,1590.87,0.79719861,3.0
2021-03-02 15:34:00,1590.28,1590.28,1590.28,1590.28,0.378207,2.0
2021-03-02 15:35:00,1589.36,1589.36,1589.36,1589.36,0.6,1.0
2021-03-02 15:36:00,1587.0,1587.0,1587.0,1587.0,12.77726824,5.0
2021-03-02 15:37:00,1587.0,1587.0,1587.0,1587.0,9.00725615,8.0
2021-03-02 15:38:00,1587.0,1587.0,1587.0,1587.0,7.66472511,5.0
2021-03-02 15:39:00,1587.18,1587.18,1587.18,1587.18,0.01596723,1.0
2021-03-02 15:42:00,1584.79,1584.79,1584.79,1584.79,4.39541064,4.0
2021-03-02 15:43:00,1584.31,1584.31,1584.31,1584.31,0.36769217,2.0
2021-03-02 15:46:00,1583.38,1583.38,1582.62,1582.62,0.1273924,5.0
2021-03-02 15:47:00,1581.87,1581.87,1581.55,1581.55,0.2325535,3.0
2021-03-02 15:48:00,1581.1,1581.1,1578.39,1578.39,4.39779836,9.0
2021-03-02 15:49:00,1577.09,1577.09,1576.15,1576.15,1.49584192,9.0
2021-03-02 15:50:00,1574.17,1576.44,1574.05,1575.51,23.12770774,63.0
2021-03-02 15:51:00,1572.88,1572.88,1572.87,1572.87,1.43931193,3.0
2021-03-02 15:52:00,1573.59,1573.59,1567.54,1570.79,14.4966,9.0
2021-03-02 15:59:00,1571.03,1571.03,1570.44,1570.44,0.06074361,2.0
2021-03-02 16:04:00,1573.42,1573.42,1573.42,1573.42,0.01903779,1.0
2021-03-02 16:08:00,1573.22,1573.22,1573.22,1573.22,0.00895453,1.0
2021-03-02 16:09:00,1572.89,1572.89,1572.89,1572.89,0.01610709,1.0
2021-03-02 16:15:00,1563.52,1563.52,1563.52,1563.52,0.08214323,1.0
2021-03-02 16:20:00,1560.1,1560.1,1560.1,1560.1,0.6118364,2.0
2021-03-02 16:22:00,1558.35,1558.35,1554.13,1554.13,11.59639,8.0
2021-03-02 16:23:00,1555.91,1555.91,1555.91,1555.91,0.05,1.0
2021-03-02 16:24:00,1553.74,1553.74,1553.74,1553.74,1.7196508,1.0
2021-03-02 16:30:00,1556.76,1556.76,1555.42,1555.46,6.50578021,4.0
2021-03-02 16:31:00,1558.24,1558.24,1558.24,1558.24,1.0,1.0
2021-03-02 16:35:00,1556.87,1556.87,1554.31,1556.19,17.26427203,8.0
2021-03-02 16:37:00,1555.98,1555.98,1555.98,1555.98,0.26621,2.0
2021-03-02 16:39:00,1556.39,1556.39,1552.4,1552.4,9.7718997,8.0
2021-03-02 16:40:00,1550.92,1553.64,1550.92,1553.64,1.64166377,2.0
2021-03-02 16:45:00,1555.72,1555.72,1555.72,1555.72,0.00138,1.0
2021-03-02 16:46:00,1557.55,1557.56,1557.55,1557.56,2.74,2.0
2021-03-02 16:48:00,1558.13,1559.41,1558.13,1559.41,1.14115,2.0
2021-03-02 16:53:00,1558.33,1558.33,1558.33,1558.33,2.0,1.0
2021-03-02 16:56:00,1553.07,1553.07,1553.07,1553.07,0.1,1.0
2021-03-02 17:01:00,1552.82,1552.82,1548.81,1548.81,11.28484885,7.0
2021-03-02 17:02:00,1547.89,1547.89,1547.89,1547.89,0.05,1.0
2021-03-02 17:03:00,1546.07,1546.07,1544.62,1544.62,0.10312896,4.0
2021-03-02 17:09:00,1548.73,1548.73,1548.73,1548.73,0.01640532,1.0
2021-03-02 17:26:00,1553.08,1553.08,1553.08,1553.08,0.00526408,1.0
2021-03-02 17:28:00,1556.89,1557.55,1556.89,1557.55,4.2,2.0
2021-03-02 17:30:00,1559.16,1560.91,1559.16,1560.91,1.16016916,8.0
2021-03-02 17:33:00,1561.0,1561.0,1561.0,1561.0,1.5017,5.0
2021-03-02 17:37:00,1546.87,1546.87,1544.98,1544.98,0.18312896,2.0
2021-03-02 17:38:00,1541.67,1541.67,1540.0,1541.29,4.8179,7.0
2021-03-02 17:39:00,1542.18,1545.17,1542.18,1545.17,2.01643128,2.0
2021-03-02 17:40:00,1538.02,1538.03,1535.8,1535.8,2.61912397,4.0
2021-03-02 17:41:00,1534.77,1534.77,1523.0,1523.0,2.52214214,6.0
2021-03-02 17:43:00,1525.08,1525.08,1520.33,1520.33,10.77107,8.0
2021-03-02 17:44:00,1520.0,1521.38,1520.0,1521.38,0.31145937,3.0
2021-03-02 17:45:00,1520.0,1520.0,1517.59,1517.59,0.78105642,3.0
2021-03-02 17:46:00,1522.69,1522.71,1522.69,1522.71,0.63270627,2.0
2021-03-02 17:47:00,1520.85,1520.85,1520.85,1520.85,0.263356,2.0
2021-03-02 17:48:00,1522.16,1522.16,1517.6,1517.6,1.87520536,14.0
2021-03-02 17:49:00,1521.4,1521.4,1517.74,1520.6,0.57179438,5.0
2021-03-02 17:50:00,1517.59,1517.59,1515.37,1515.37,5.34311351,3.0
2021-03-02 17:51:00,1512.62,1515.49,1512.62,1515.49,3.97698589,3.0
2021-03-02 17:53:00,1521.11,1521.11,1521.11,1521.11,0.05,1.0
2021-03-02 17:54:00,1513.66,1513.66,1513.66,1513.66,0.57065526,4.0
2021-03-02 17:55:00,1512.28,1512.28,1510.88,1510.88,1.007228,3.0
2021-03-02 17:56:00,1511.14,1511.14,1503.37,1503.37,7.84321235,13.0
2021-03-02 17:57:00,1503.32,1503.32,1497.73,1499.23,12.64201678,17.0
2021-03-02 17:58:00,1499.2,1499.2,1496.05,1496.07,5.4471,6.0
2021-03-02 17:59:00,1499.33,1499.33,1499.33,1499.33,6.6483,1.0
2021-03-02 18:00:00,1495.65,1495.65,1490.68,1490.68,0.15248274,4.0
2021-03-02 18:01:00,1490.0,1490.21,1485.0,1488.7,18.21553347,13.0
2021-03-02 18:02:00,1492.75,1497.63,1492.75,1497.63,6.65903338,2.0
2021-03-02 18:05:00,1501.15,1504.36,1501.15,1504.11,0.28869273,5.0
2021-03-02 18:06:00,1503.43,1503.43,1502.72,1502.72,0.60683402,3.0
2021-03-02 18:07:00,1500.73,1500.73,1499.8,1499.8,2.0,2.0
2021-03-02 18:08:00,1500.04,1500.04,1500.04,1500.04,0.05,1.0
2021-03-02 18:09:00,1499.71,1499.71,1499.71,1499.71,0.01689288,1.0
2021-03-02 18:10:00,1490.68,1490.68,1490.68,1490.68,0.08615704,1.0
2021-03-02 18:11:00,1491.14,1491.15,1488.37,1488.37,3.8838,4.0
2021-03-02 18:13:00,1494.53,1494.53,1494.53,1494.53,0.82487677,1.0
2021-03-02 18:14:00,1495.93,1495.93,1495.93,1495.93,0.10381516,2.0
2021-03-02 18:16:00,1504.35,1506.38,1503.66,1506.38,0.73395704,4.0
2021-03-02 18:18:00,1504.49,1504.49,1504.49,1504.49,0.00898723,1.0
2021-03-02 18:22:00,1498.67,1498.67,1498.67,1498.67,0.0303,2.0
2021-03-02 18:24:00,1502.36,1502.36,1502.36,1502.36,0.02294,1.0
2021-03-02 18:25:00,1501.68,1501.68,1501.68,1501.68,0.01754812,1.0
2021-03-02 18:29:00,1507.56,1507.56,1507.06,1507.06,0.01729002,3.0
2021-03-02 18:31:00,1507.71,1507.71,1507.71,1507.71,0.03,1.0
2021-03-02 18:32:00,1505.01,1505.01,1505.01,1505.01,0.02908318,1.0
2021-03-02 18:34:00,1502.77,1502.77,1502.76,1502.76,2.0,2.0
2021-03-02 18:35:00,1507.72,1507.72,1507.42,1507.42,0.02097143,2.0
2021-03-02 18:36:00,1507.42,1507.42,1507.42,1507.42,0.03902857,3.0
2021-03-02 18:39:00,1505.78,1505.78,1505.78,1505.78,0.01681017,1.0
2021-03-02 18:43:00,1508.67,1509.92,1508.45,1508.45,0.39093934,6.0
2021-03-02 18:44:00,1507.87,1507.87,1507.87,1507.87,0.02824367,1.0
2021-03-02 18:50:00,1505.23,1506.72,1505.23,1506.72,0.20769486,3.0
2021-03-02 18:52:00,1503.01,1503.02,1503.01,1503.02,3.1763,2.0
2021-03-02 18:53:00,1508.09,1508.09,1508.09,1508.09,0.15,1.0
2021-03-02 18:54:00,1509.5,1509.5,1509.5,1509.5,3.1794,2.0
2021-03-02 19:09:00,1507.77,1507.77,1507.77,1507.77,0.01678701,1.0
2021-03-02 19:13:00,1508.84,1513.36,1508.84,1513.36,0.47381167,3.0
2021-03-02 19:16:00,1511.18,1511.19,1511.18,1511.19,2.0,2.0
2021-03-02 19:23:00,1510.25,1510.25,1510.25,1510.25,0.3882463,1.0
2021-03-02 19:39:00,1505.57,1506.35,1505.57,1506.35,0.06683083,2.0
2021-03-02 19:40:00,1501.56,1503.53,1501.56,1503.53,0.59815178,2.0
2021-03-02 19:41:00,1500.81,1500.81,1500.81,1500.81,0.01,1.0
2021-03-02 19:42:00,1502.85,1502.85,1500.81,1500.81,0.02998421,2.0
2021-03-02 19:45:00,1503.26,1503.26,1503.25,1503.25,2.0,2.0
2021-03-02 19:46:00,1499.64,1499.64,1499.63,1499.63,2.0,2.0
2021-03-02 19:47:00,1500.79,1502.85,1499.6,1499.6,2.13564456,5.0
2021-03-02 19:48:00,1495.46,1499.13,1495.3,1498.3,10.0,8.0
2021-03-02 19:49:00,1497.07,1498.39,1495.77,1498.38,12.0,6.0
2021-03-02 19:51:00,1497.1,1497.1,1495.97,1495.97,14.5,6.0
2021-03-02 19:52:00,1497.1,1497.1,1496.85,1496.85,8.0,5.0
2021-03-02 19:53:00,1497.93,1497.93,1496.67,1496.67,8.0,4.0
2021-03-02 19:54:00,1499.71,1499.71,1496.99,1496.99,8.37847509,7.0
2021-03-02 19:55:00,1497.63,1497.7,1496.99,1496.99,17.32934999,8.0
2021-03-02 19:56:00,1496.22,1496.71,1491.46,1496.71,9.02571108,7.0
2021-03-02 19:57:00,1493.84,1493.84,1491.21,1493.36,28.39827999,15.0
2021-03-02 19:58:00,1494.66,1495.37,1493.47,1495.15,20.08687879,8.0
2021-03-02 19:59:00,1496.7,1496.7,1494.18,1494.18,21.02863,8.0
2021-03-02 20:00:00,1497.61,1498.09,1493.98,1493.98,22.05336,13.0
2021-03-02 20:01:00,1500.0,1500.0,1494.8,1499.22,26.19989631,22.0
2021-03-02 20:02:00,1496.18,1496.25,1493.98,1494.39,24.17269999,13.0
2021-03-02 20:03:00,1496.03,1500.12,1493.6,1500.12,36.08509967,19.0
2021-03-02 20:05:00,1496.13,1496.13,1496.13,1496.13,0.03883726,2.0
2021-03-02 20:06:00,1493.3,1493.3,1484.74,1484.74,16.54677333,12.0
2021-03-02 20:07:00,1485.1,1485.1,1473.51,1473.51,27.43606,16.0
2021-03-02 20:08:00,1479.81,1479.81,1472.08,1472.08,7.62533877,15.0
2021-03-02 20:09:00,1475.17,1480.3,1467.97,1475.59,17.58244461,11.0
2021-03-02 20:10:00,1477.9,1477.9,1475.39,1475.39,7.32859,8.0
2021-03-02 20:11:00,1474.33,1478.61,1473.19,1473.53,32.73560676,16.0
2021-03-02 20:12:00,1477.28,1481.18,1473.06,1481.18,18.86202538,11.0
2021-03-02 20:14:00,1473.15,1474.34,1458.06,1458.06,55.09348998,28.0
2021-03-02 20:15:00,1468.86,1468.86,1468.86,1468.86,2.8489,2.0
2021-03-02 20:16:00,1468.86,1473.03,1466.48,1466.48,21.22571,7.0
2021-03-02 20:17:00,1477.69,1477.71,1477.69,1477.71,4.7816122,4.0
2021-03-02 20:18:00,1475.95,1481.17,1473.84,1475.85,21.02388502,13.0
2021-03-02 20:19:00,1481.35,1481.35,1470.82,1470.82,54.39101355,25.0
2021-03-02 20:20:00,1479.92,1482.91,1476.59,1481.18,40.76662677,13.0
2021-03-02 20:21:00,1481.9,1482.08,1473.75,1481.08,21.010406,11.0
2021-03-02 20:22:00,1481.08,1483.78,1471.25,1483.7,47.97643699,21.0
2021-03-02 20:23:00,1483.13,1483.13,1481.94,1482.67,3.60627809,4.0
2021-03-02 20:24:00,1484.99,1485.18,1484.99,1485.18,0.274322,2.0
2021-03-02 20:25:00,1486.0,1487.77,1475.54,1486.41,49.12987302,27.0
2021-03-02 20:26:00,1481.09,1486.61,1473.02,1482.03,25.04639928,12.0
2021-03-02 20:27:00,1484.73,1484.73,1481.37,1481.37,25.43359999,6.0
2021-03-02 20:28:00,1485.24,1485.24,1485.24,1485.24,0.01521149,1.0
2021-03-02 20:29:00,1486.84,1486.84,1481.8,1486.66,26.62896335,9.0
2021-03-02 20:30:00,1486.66,1486.66,1477.81,1477.81,29.74230407,6.0
2021-03-02 20:31:00,1485.65,1489.92,1479.76,1488.81,37.37538071,12.0
2021-03-02 20:32:00,1489.25,1489.25,1489.12,1489.12,2.68319453,3.0
2021-03-02 20:33:00,1490.65,1493.51,1476.81,1493.29,61.93185111,26.0
2021-03-02 20:34:00,1492.61,1495.42,1489.89,1495.42,8.31986012,16.0
2021-03-02 20:36:00,1493.3,1494.68,1483.98,1483.98,64.96801741,23.0
2021-03-02 20:37:00,1493.31,1495.0,1493.31,1495.0,5.71683953,5.0
2021-03-02 20:38:00,1492.66,1492.66,1488.51,1488.51,29.99999999,8.0
2021-03-02 20:39:00,1495.33,1495.33,1488.35,1492.84,33.23203038,8.0
2021-03-02 20:40:00,1490.14,1493.87,1483.93,1483.93,77.85433294,19.0
2021-03-02 20:41:00,1494.78,1495.02,1483.93,1491.93,40.96467451,20.0
2021-03-02 20:42:00,1495.61,1495.61,1495.61,1495.61,0.01698471,1.0
2021-03-02 20:43:00,1490.26,1492.88,1455.0,1487.05,67.2978047,32.0
2021-03-02 20:44:00,1492.73,1492.8,1487.08,1492.71,32.64026449,11.0
2021-03-02 20:48:00,1494.06,1494.06,1494.06,1494.06,0.05,1.0
2021-03-02 20:50:00,1492.54,1492.54,1491.76,1491.76,2.34,2.0
2021-03-02 20:52:00,1492.57,1496.0,1485.51,1485.51,60.20007023,26.0
2021-03-02 20:53:00,1494.83,1496.26,1488.44,1495.23,67.91893977,17.0
2021-03-02 20:54:00,1490.95,1497.23,1489.1,1497.23,52.02745345,15.0
2021-03-02 20:55:00,1494.69,1494.69,1483.6,1483.6,66.29457847,18.0
2021-03-02 20:56:00,1493.38,1493.38,1479.2,1485.56,66.20684336,22.0
2021-03-02 20:57:00,1491.87,1491.88,1486.98,1486.98,34.10516244,8.0
2021-03-02 20:58:00,1487.65,1491.18,1480.44,1480.58,87.06182996,23.0
2021-03-02 20:59:00,1481.58,1483.03,1455.55,1480.57,74.59321431,32.0
2021-03-02 21:00:00,1476.04,1476.06,1471.26,1471.67,12.37862493,19.0
2021-03-02 21:01:00,1478.58,1478.58,1474.82,1474.93,4.75276215,8.0
2021-03-02 21:02:00,1474.97,1474.97,1468.72,1468.72,6.04627077,7.0
2021-03-02 21:03:00,1471.31,1471.69,1459.62,1459.62,30.6081185,13.0
2021-03-02 21:04:00,1462.93,1486.49,1457.65,1457.65,125.00840885,34.0
2021-03-02 21:05:00,1463.64,1465.71,1459.17,1463.67,96.08504109,15.0
2021-03-02 21:06:00,1462.04,1468.34,1455.0,1468.34,126.76144995,26.0
2021-03-02 21:07:00,1467.19,1477.19,1455.55,1469.4,133.66460592,41.0
2021-03-02 21:10:00,1475.33,1475.33,1471.37,1471.37,10.05,10.0
2021-03-02 21:11:00,1475.25,1479.67,1460.01,1471.25,172.44465573,52.0
2021-03-02 21:12:00,1474.13,1476.16,1468.11,1468.11,63.33212475,17.0
2021-03-02 21:13:00,1470.99,1470.99,1464.92,1464.92,12.74355239,7.0
2021-03-02 21:14:00,1468.84,1468.84,1465.76,1466.49,10.33752692,7.0
2021-03-02 21:15:00,1465.04,1465.04,1459.36,1459.36,61.76659819,24.0
2021-03-02 21:16:00,1463.87,1464.69,1457.77,1457.77,127.94924509,23.0
2021-03-02 21:17:00,1464.3,1464.77,1458.01,1464.23,95.99058242,20.0
2021-03-02 21:18:00,1471.13,1474.02,1456.63,1471.81,130.87475528,33.0
2021-03-02 21:19:00,1469.23,1472.53,1463.76,1469.31,127.3371665,29.0
2021-03-02 21:21:00,1465.89,1470.54,1456.63,1467.89,64.51996353,20.0
2021-03-02 21:22:00,1467.14,1473.36,1458.88,1464.44,157.54278473,41.0
2021-03-02 21:23:00,1468.59,1470.96,1465.24,1465.25,34.32716173,11.0
2021-03-02 21:24:00,1465.93,1465.93,1465.93,1465.93,0.05,1.0
2021-03-02 21:25:00,1462.78,1470.7,1460.53,1470.7,127.58303256,25.0
2021-03-02 21:26:00,1467.68,1472.01,1453.97,1453.97,157.68400842,42.0
2021-03-02 21:27:00,1468.38,1468.93,1459.75,1465.39,95.91132785,23.0
2021-03-02 21:28:00,1461.86,1467.09,1459.73,1467.09,63.4669986,13.0
2021-03-02 21:29:00,1466.87,1466.87,1466.87,1466.87,3.37303338,1.0
2021-03-02 21:30:00,1470.21,1477.9,1470.21,1477.9,64.41179537,18.0
2021-03-02 21:31:00,1471.41,1476.54,1456.89,1475.68,126.53677061,36.0
2021-03-02 21:32:00,1470.34,1473.02,1465.67,1466.03,157.5900709,27.0
2021-03-02 21:33:00,1470.02,1471.88,1464.0,1464.0,128.14605937,29.0
2021-03-02 21:34:00,1468.15,1469.89,1464.42,1469.89,95.75261677,15.0
2021-03-02 21:35:00,1466.7,1467.63,1462.0,1462.0,32.19291092,13.0
2021-03-02 21:36:00,1462.0,1469.04,1458.35,1461.47,93.35358233,29.0
2021-03-02 21:37:00,1461.52,1465.94,1458.13,1465.94,162.26321389,29.0
2021-03-02 21:38:00,1462.02,1466.2,1454.65,1466.2,126.92952086,32.0
2021-03-02 21:39:00,1461.79,1468.14,1460.64,1466.68,126.91223877,24.0
2021-03-02 21:40:00,1463.7,1463.7,1463.7,1463.7,0.1181221,1.0
2021-03-02 21:41:00,1461.49,1465.79,1461.49,1464.73,31.11812999,6.0
2021-03-02 21:42:00,1468.9,1472.21,1466.35,1471.37,97.4498798,19.0
2021-03-02 21:43:00,1467.6,1467.6,1465.3,1465.3,30.99999999,5.0
2021-03-02 21:45:00,1465.66,1469.7,1465.65,1469.7,34.81493929,12.0
2021-03-02 21:46:00,1469.07,1469.07,1466.93,1466.93,0.17355999,2.0
2021-03-02 21:47:00,1462.45,1462.45,1461.69,1461.7,3.35767732,3.0
2021-03-02 21:49:00,1456.53,1457.35,1454.4,1457.35,30.24035007,8.0
2021-03-02 21:50:00,1461.2,1464.26,1459.88,1464.26,96.11277775,16.0
2021-03-02 21:51:00,1460.0,1466.6,1458.14,1463.68,97.46646717,26.0
2021-03-02 21:52:00,1463.68,1466.24,1463.68,1466.24,1.50493258,2.0
2021-03-02 21:53:00,1468.11,1471.93,1465.12,1471.93,96.77678478,16.0
2021-03-02 21:54:00,1468.11,1468.11,1467.0,1467.0,0.24134794,2.0
2021-03-02 21:55:00,1461.89,1464.73,1459.97,1462.5,105.94945117,19.0
2021-03-02 21:56:00,1467.08,1467.08,1467.08,1467.08,1.51771713,3.0
2021-03-02 21:57:00,1469.07,1470.62,1452.4,1470.08,95.6086806,21.0
2021-03-02 22:02:00,1471.25,1471.25,1471.25,1471.25,0.5524,2.0
2021-03-02 22:04:00,1469.3,1469.3,1462.45,1468.38,58.89825734,15.0
2021-03-02 22:05:00,1465.24,1467.42,1457.64,1467.42,126.99504062,27.0
2021-03-02 22:06:00,1465.37,1465.4,1465.37,1465.4,3.37788681,2.0
2021-03-02 22:07:00,1467.44,1472.19,1465.24,1465.24,94.94706856,20.0
2021-03-02 22:08:00,1468.84,1468.84,1468.84,1468.84,1.5274351,1.0
2021-03-02 22:09:00,1469.74,1473.22,1461.1,1473.22,95.59217062,22.0
2021-03-02 22:10:00,1470.91,1472.56,1470.91,1472.56,1.54245944,5.0
2021-03-02 22:11:00,1472.47,1472.47,1472.47,1472.47,0.57738007,2.0
2021-03-02 22:12:00,1472.47,1474.32,1472.47,1474.32,0.88437801,2.0
2021-03-02 22:13:00,1469.02,1469.02,1467.3,1467.3,29.90350485,5.0
2021-03-02 22:14:00,1470.66,1479.94,1462.06,1473.45,161.20115264,45.0
2021-03-02 22:15:00,1472.64,1472.64,1472.64,1472.64,1.51777936,5.0
2021-03-02 22:17:00,1472.72,1472.72,1472.72,1472.72,0.05,1.0
2021-03-02 22:18:00,1472.72,1472.72,1472.72,1472.72,1.48262039,4.0
2021-03-02 22:19:00,1475.92,1477.2,1475.92,1476.74,5.42520143,9.0
2021-03-02 22:20:00,1476.04,1476.21,1476.04,1476.21,1.64259621,2.0
2021-03-02 22:23:00,1476.52,1476.53,1476.52,1476.53,1.53978947,2.0
2021-03-02 22:24:00,1476.49,1476.49,1476.49,1476.49,0.05,1.0
2021-03-02 22:27:00,1471.07,1471.07,1469.4,1469.4,0.66533063,2.0
2021-03-02 22:28:00,1469.4,1469.4,1468.81,1468.81,1.03951804,3.0
2021-03-02 22:30:00,1467.29,1467.29,1467.29,1467.29,0.01,1.0
2021-03-02 22:31:00,1466.1,1466.9,1466.1,1466.26,0.3587,5.0
2021-03-02 22:32:00,1463.13,1463.28,1463.13,1463.28,6.85,4.0
2021-03-02 22:35:00,1461.11,1462.48,1461.11,1462.48,4.53959968,2.0
2021-03-02 22:37:00,1460.33,1460.33,1459.23,1459.23,1.69986857,3.0
2021-03-02 22:38:00,1458.68,1458.68,1458.68,1458.68,4.75078477,1.0
2021-03-02 22:39:00,1460.22,1460.22,1458.06,1458.06,0.07356319,2.0
2021-03-02 22:41:00,1463.12,1463.12,1463.12,1463.12,1.53849799,2.0
2021-03-02 22:42:00,1465.98,1469.8,1465.98,1469.8,9.79808055,15.0
2021-03-02 22:43:00,1469.8,1469.8,1468.98,1468.98,1.75565444,4.0
2021-03-02 22:44:00,1462.95,1462.95,1462.95,1462.95,4.248,1.0
2021-03-02 22:47:00,1469.53,1471.07,1466.01,1471.07,6.65787,8.0
2021-03-02 22:53:00,1472.34,1472.35,1472.34,1472.34,6.40086873,8.0
2021-03-02 22:54:00,1473.51,1473.51,1469.61,1469.61,30.05,6.0
2021-03-02 22:58:00,1469.27,1469.27,1469.27,1469.27,0.0327,1.0
2021-03-02 23:01:00,1468.16,1468.16,1468.16,1468.16,0.05,1.0
2021-03-02 23:02:00,1466.3,1466.3,1466.3,1466.3,0.02183,1.0
2021-03-02 23:08:00,1474.82,1474.85,1474.82,1474.85,4.66368612,3.0
2021-03-02 23:09:00,1475.2,1475.2,1475.2,1475.2,0.27569946,1.0
2021-03-02 23:10:00,1475.18,1475.18,1475.18,1475.18,0.24305211,1.0
2021-03-02 23:11:00,1475.18,1475.18,1475.18,1475.18,0.05,1.0
2021-03-02 23:12:00,1476.4,1476.4,1476.4,1476.4,0.01717756,1.0
2021-03-02 23:15:00,1477.69,1479.17,1477.69,1479.17,1.00399343,2.0
2021-03-02 23:20:00,1475.83,1476.3,1474.79,1474.79,0.7258,4.0
2021-03-02 23:24:00,1483.07,1483.07,1483.06,1483.06,3.9671,2.0
2021-03-02 23:25:00,1481.17,1481.17,1481.16,1481.16,7.0,3.0
2021-03-02 23:29:00,1477.01,1477.01,1477.01,1477.01,0.60677812,3.0
2021-03-02 23:30:00,1477.01,1477.01,1477.01,1477.01,0.39708665,2.0
2021-03-02 23:41:00,1478.72,1478.72,1478.72,1478.72,1.96889578,3.0
2021-03-02 23:42:00,1486.36,1486.53,1486.36,1486.53,0.10719057,4.0
2021-03-02 23:43:00,1487.71,1488.99,1487.71,1488.99,0.66167,2.0
2021-03-02 23:45:00,1484.83,1484.84,1484.83,1484.84,2.0,2.0
2021-03-02 23:53:00,1487.38,1487.38,1486.98,1487.0,5.42295354,5.0
2021-03-03 00:06:00,1487.12,1487.2,1487.12,1487.2,1.73026072,4.0
2021-03-03 00:08:00,1487.2,1493.97,1487.2,1493.97,0.33620227,2.0
2021-03-03 00:09:00,1494.06,1494.06,1494.06,1494.06,0.9775005,1.0
2021-03-03 00:11:00,1493.99,1493.99,1491.65,1491.65,0.77743064,2.0
2021-03-03 00:12:00,1493.48,1493.48,1493.48,1493.48,0.01698789,1.0
2021-03-03 00:37:00,1488.61,1488.61,1488.61,1488.61,0.2332524,1.0
2021-03-03 00:42:00,1492.43,1493.12,1492.43,1493.12,0.34447259,2.0
2021-03-03 00:45:00,1490.11,1490.11,1490.11,1490.11,5.82985666,2.0
2021-03-03 01:01:00,1489.7,1490.22,1489.7,1490.22,5.1559152,3.0
2021-03-03 01:04:00,1485.66,1485.66,1485.66,1485.66,0.0155,1.0
2021-03-03 01:05:00,1481.63,1484.07,1481.6,1481.6,0.7526,4.0
2021-03-03 01:07:00,1481.6,1481.6,1481.6,1481.6,0.04149615,1.0
2021-03-03 01:08:00,1481.6,1481.6,1481.6,1481.6,0.12203278,2.0
2021-03-03 01:12:00,1485.93,1485.93,1485.93,1485.93,0.01710313,1.0
2021-03-03 01:13:00,1485.94,1485.94,1485.94,1485.94,1.17606197,3.0
2021-03-03 01:14:00,1488.06,1488.06,1488.06,1488.06,0.7594,1.0
2021-03-03 01:18:00,1495.42,1495.42,1495.42,1495.42,0.08667219,2.0
2021-03-03 01:20:00,1500.9,1504.34,1500.9,1504.34,0.06634768,3.0
2021-03-03 01:24:00,1504.35,1504.36,1504.35,1504.36,0.096157,2.0
2021-03-03 01:25:00,1504.36,1507.05,1504.36,1507.05,0.22083795,2.0
2021-03-03 01:29:00,1505.9,1505.9,1505.86,1505.86,0.76741461,2.0
2021-03-03 01:32:00,1505.8,1505.8,1505.8,1505.8,0.6906,2.0
2021-03-03 01:40:00,1497.67,1497.67,1497.67,1497.67,0.01,1.0
2021-03-03 01:42:00,1498.28,1498.28,1498.28,1498.28,0.01691961,1.0
2021-03-03 02:01:00,1502.99,1502.99,1502.99,1502.99,1.75,2.0
2021-03-03 02:12:00,1507.89,1510.89,1507.89,1510.89,0.02680493,2.0
2021-03-03 02:22:00,1511.45,1511.45,1511.45,1511.45,0.02284094,1.0
2021-03-03 02:23:00,1513.36,1514.07,1511.8,1511.8,0.50774456,3.0
2021-03-03 02:27:00,1512.0,1512.0,1512.0,1512.0,2.11755,3.0
2021-03-03 02:32:00,1511.61,1511.61,1511.61,1511.61,0.9795653,1.0
2021-03-03 02:33:00,1511.61,1511.61,1511.61,1511.61,0.0204347,1.0
2021-03-03 02:42:00,1511.76,1511.76,1511.76,1511.76,0.01676358,1.0
2021-03-03 02:45:00,1512.38,1512.38,1512.38,1512.38,0.02752,1.0
2021-03-03 02:54:00,1517.13,1517.13,1517.13,1517.13,0.01,1.0
2021-03-03 02:58:00,1520.32,1520.32,1520.32,1520.32,0.01,1.0
2021-03-03 02:59:00,1520.92,1522.42,1520.92,1522.42,0.09013531,3.0
2021-03-03 03:11:00,1521.17,1521.17,1521.17,1521.17,6.5738872,1.0
2021-03-03 03:12:00,1522.26,1523.97,1522.26,1523.97,0.02648026,2.0
2021-03-03 03:16:00,1521.33,1521.33,1521.33,1521.33,0.3692,1.0
2021-03-03 03:17:00,1518.53,1518.53,1518.53,1518.53,0.0271,1.0
2021-03-03 03:22:00,1515.19,1515.19,1515.19,1515.19,0.39113086,4.0
2021-03-03 03:41:00,1521.62,1523.12,1521.62,1523.12,1.35521987,3.0
2021-03-03 03:43:00,1522.37,1523.16,1522.37,1523.16,1.3760897,3.0
2021-03-03 03:44:00,1525.54,1525.54,1525.54,1525.54,1.3195933,3.0
2021-03-03 03:45:00,1525.26,1525.26,1525.26,1525.26,0.19929,1.0
2021-03-03 03:47:00,1520.53,1520.53,1520.53,1520.53,0.32994,1.0
2021-03-03 04:01:00,1523.5,1523.5,1523.5,1523.5,0.3979,1.0
2021-03-03 04:03:00,1525.42,1525.42,1525.42,1525.42,0.05426359,2.0
2021-03-03 04:07:00,1516.61,1516.61,1516.61,1516.61,0.9,1.0
2021-03-03 04:09:00,1520.77,1520.77,1520.77,1520.77,0.99692,2.0
2021-03-03 04:12:00,1523.12,1523.12,1523.12,1523.12,0.013,1.0
2021-03-03 04:57:00,1521.08,1521.08,1521.08,1521.08,0.1777,1.0
2021-03-03 05:03:00,1530.52,1532.75,1530.52,1532.75,0.6,3.0
2021-03-03 05:08:00,1539.0,1539.0,1539.0,1539.0,0.84470435,3.0
2021-03-03 05:11:00,1538.7,1538.7,1538.7,1538.7,0.00831075,1.0
2021-03-03 05:12:00,1540.68,1540.68,1540.68,1540.68,0.08412596,2.0
2021-03-03 05:20:00,1542.78,1542.78,1542.78,1542.78,0.00600067,1.0
2021-03-03 05:21:00,1543.75,1543.75,1543.75,1543.75,0.1563274,1.0
2021-03-03 05:26:00,1542.47,1542.47,1542.47,1542.47,0.1070526,1.0
2021-03-03 05:30:00,1539.0,1539.0,1539.0,1539.0,0.022,1.0
2021-03-03 05:35:00,1539.18,1539.18,1539.18,1539.18,1.02415,1.0
2021-03-03 05:46:00,1546.08,1546.08,1546.08,1546.08,0.32337707,1.0
2021-03-03 05:49:00,1544.15,1544.15,1544.15,1544.15,0.3,1.0
2021-03-03 05:50:00,1546.24,1546.24,1546.24,1546.24,0.89206,1.0
2021-03-03 05:54:00,1547.5,1547.5,1547.5,1547.5,0.02528769,1.0
2021-03-03 06:13:00,1547.58,1548.57,1547.58,1548.57,1.37247779,2.0
2021-03-03 06:14:00,1549.29,1549.29,1549.29,1549.29,0.20302922,1.0
2021-03-03 06:16:00,1546.62,1548.74,1545.85,1545.85,24.39086669,9.0
2021-03-03 06:30:00,1549.54,1552.37,1549.54,1552.37,4.61064921,9.0
2021-03-03 06:32:00,1551.5,1551.5,1551.5,1551.5,0.064277,1.0
2021-03-03 06:34:00,1545.99,1545.99,1545.99,1545.99,0.0242,1.0
2021-03-03 06:39:00,1544.05,1544.05,1544.05,1544.05,2.16474645,1.0
2021-03-03 06:41:00,1543.16,1543.16,1543.16,1543.16,0.0070268,1.0
2021-03-03 06:44:00,1542.6,1542.6,1542.6,1542.6,0.1,1.0
2021-03-03 06:48:00,1542.0,1542.0,1540.67,1540.67,1.0262,4.0
2021-03-03 06:50:00,1539.99,1540.6,1539.99,1540.6,0.02195,2.0
2021-03-03 06:52:00,1541.94,1541.95,1541.94,1541.95,3.24254,3.0
2021-03-03 06:54:00,1541.73,1541.73,1541.73,1541.73,0.00677104,1.0
2021-03-03 06:58:00,1546.37,1546.93,1546.37,1546.93,1.41,2.0
2021-03-03 07:01:00,1549.93,1549.93,1549.93,1549.93,0.4728941,1.0
2021-03-03 07:02:00,1549.93,1549.93,1549.93,1549.93,0.86785902,1.0
2021-03-03 07:04:00,1552.85,1552.85,1552.85,1552.85,1.3210573,1.0
2021-03-03 07:06:00,1556.07,1556.07,1556.07,1556.07,0.01,1.0
2021-03-03 07:16:00,1559.16,1559.16,1559.16,1559.16,0.02067983,1.0
2021-03-03 07:17:00,1559.16,1560.81,1559.16,1560.81,0.20662195,2.0
2021-03-03 07:18:00,1560.81,1560.81,1560.81,1560.81,0.0125,1.0
2021-03-03 07:44:00,1560.49,1560.49,1560.49,1560.49,0.04991814,1.0
2021-03-03 07:47:00,1562.85,1562.85,1562.85,1562.85,0.005,1.0
2021-03-03 07:49:00,1562.82,1562.82,1562.82,1562.82,0.10409,1.0
2021-03-03 07:52:00,1561.1,1561.1,1561.1,1561.1,0.4268441,3.0
2021-03-03 07:56:00,1563.97,1563.97,1563.97,1563.97,1.2330916,1.0
2021-03-03 08:00:00,1563.98,1568.48,1563.98,1568.48,2.55591675,7.0
2021-03-03 08:01:00,1569.56,1569.56,1569.56,1569.56,0.0427059,1.0
2021-03-03 08:03:00,1568.23,1568.23,1568.23,1568.23,1.23606343,2.0
2021-03-03 08:07:00,1569.94,1569.94,1569.94,1569.94,0.27288853,3.0
2021-03-03 08:09:00,1567.5,1567.5,1567.5,1567.5,0.17851515,2.0
2021-03-03 08:13:00,1565.0,1565.0,1565.0,1565.0,10.0,9.0
2021-03-03 08:15:00,1563.44,1563.44,1563.44,1563.44,0.02,1.0
2021-03-03 08:16:00,1561.91,1562.22,1561.91,1562.22,0.02017599,3.0
2021-03-03 08:37:00,1569.43,1569.43,1569.43,1569.43,1.0,1.0
